ぜんこくNo.,ガラルNo.,ヨロイ島No.,カンムリNo.,名前,フォルム,名前(フォルム),英語名,タイプ1,タイプ2,HP,攻撃,防御,特攻,特防,素早さ,とくせい1,とくせい2,夢特性
810,1,,,サルノリ,,サルノリ,Grookey,くさ,,50,65,50,40,40,65,しんりょく,,*グラスメイカー
811,2,,,バチンキー,,バチンキー,Thwackey,くさ,,70,85,70,55,60,80,しんりょく,,*グラスメイカー
812,3,,,ゴリランダー,,ゴリランダー,Rillaboom,くさ,,100,125,90,60,70,85,しんりょく,,*グラスメイカー
813,4,,,ヒバニー,,ヒバニー,Scorbunny,ほのお,,50,71,40,40,40,69,もうか,,*リベロ
814,5,,,ラビフット,,ラビフット,Raboot,ほのお,,65,86,60,55,60,94,もうか,,*リベロ
815,6,,,エースバーン,,エースバーン,Cinderace,ほのお,,80,116,75,65,75,119,もうか,,*リベロ
816,7,,,メッソン,,メッソン,Sobble,みず,,50,40,40,70,40,70,げきりゅう,,*スナイパー
817,8,,,ジメレオン,,ジメレオン,Drizzile,みず,,65,60,55,95,55,90,げきりゅう,,*スナイパー
818,9,,,インテレオン,,インテレオン,Inteleon,みず,,70,85,65,125,65,120,げきりゅう,,*スナイパー
824,10,14,,サッチムシ,,サッチムシ,Blipbug,むし,,25,20,20,25,45,45,むしのしらせ,ふくがん,*テレパシー
825,11,15,,レドームシ,,レドームシ,Dottler,むし,エスパー,50,35,80,50,90,30,むしのしらせ,ふくがん,*テレパシー
826,12,16,,イオルブ,,イオルブ,Orbeetle,むし,エスパー,60,45,110,80,120,90,むしのしらせ,おみとおし,*テレパシー
10,13,,,キャタピー,,キャタピー,Caterpie,むし,,45,30,35,20,20,45,りんぷん,,*にげあし
11,14,,,トランセル,,トランセル,Metapod,むし,,50,20,55,25,25,30,だっぴ,,
12,15,,,バタフリー,,バタフリー,Butterfree,むし,ひこう,60,45,50,90,80,70,ふくがん,,*いろめがね
736,16,,,アゴジムシ,,アゴジムシ,Grubbin,むし,,47,62,45,55,45,46,むしのしらせ,,
737,17,,,デンヂムシ,,デンヂムシ,Charjabug,むし,でんき,57,82,95,55,75,36,バッテリー,,
738,18,,,クワガノン,,クワガノン,Vikavolt,むし,でんき,77,70,90,145,75,43,ふゆう,,
163,19,,,ホーホー,,ホーホー,Hoothoot,ノーマル,ひこう,60,30,30,36,56,50,ふみん,するどいめ,*いろめがね
164,20,,,ヨルノズク,,ヨルノズク,Noctowl,ノーマル,ひこう,100,50,50,86,96,70,ふみん,するどいめ,*いろめがね
821,21,163,,ココガラ,,ココガラ,Rookidee,ひこう,,38,47,35,33,35,57,するどいめ,きんちょうかん,*はとむね
822,22,164,,アオガラス,,アオガラス,Corvisquire,ひこう,,68,67,55,43,55,77,するどいめ,きんちょうかん,*はとむね
823,23,165,,アーマーガア,,アーマーガア,Corviknight,ひこう,はがね,98,87,105,53,85,67,プレッシャー,きんちょうかん,*ミラーアーマー
819,24,9,5,ホシガリス,,ホシガリス,Skwovet,ノーマル,,70,55,55,35,35,25,ほおぶくろ,,*くいしんぼう
820,25,10,6,ヨクバリス,,ヨクバリス,Greedent,ノーマル,,120,95,95,55,75,20,ほおぶくろ,,*くいしんぼう
519,26,,,マメパト,,マメパト,Pidove,ノーマル,ひこう,50,55,50,36,30,43,はとむね,きょううん,*とうそうしん
520,27,,,ハトーボー,,ハトーボー,Tranquill,ノーマル,ひこう,62,77,62,50,42,65,はとむね,きょううん,*とうそうしん
521,28,,,ケンホロウ,,ケンホロウ,Unfezant,ノーマル,ひこう,80,115,80,65,55,93,はとむね,きょううん,*とうそうしん
827,29,,,クスネ,,クスネ,Nickit,あく,,40,28,28,47,52,50,にげあし,かるわざ,*はりこみ
828,30,,,フォクスライ,,フォクスライ,Thievul,あく,,70,58,58,87,92,90,にげあし,かるわざ,*はりこみ
263,31,71,,ジグザグマ,ガラルのすがた,ジグザグマ(ガラルのすがた),Zigzagoon,あく,ノーマル,38,30,41,30,41,60,ものひろい,くいしんぼう,*はやあし
264,32,72,,マッスグマ,ガラルのすがた,マッスグマ(ガラルのすがた),Linoone,あく,ノーマル,78,70,61,50,61,100,ものひろい,くいしんぼう,*はやあし
862,33,73,,タチフサグマ,,タチフサグマ,Obstagoon,あく,ノーマル,93,90,101,60,81,95,すてみ,こんじょう,*まけんき
831,34,3,,ウールー,,ウールー,Wooloo,ノーマル,,42,40,55,40,45,48,もふもふ,にげあし,*ぼうだん
832,35,4,,バイウールー,,バイウールー,Dubwool,ノーマル,,72,80,100,60,90,88,もふもふ,ふくつのこころ,*ぼうだん
270,36,,,ハスボー,,ハスボー,Lotad,みず,くさ,40,30,30,40,50,30,すいすい,あめうけざら,*マイペース
271,37,,,ハスブレロ,,ハスブレロ,Lombre,みず,くさ,60,50,50,60,70,50,すいすい,あめうけざら,*マイペース
272,38,,,ルンパッパ,,ルンパッパ,Ludicolo,みず,くさ,80,70,70,90,100,70,すいすい,あめうけざら,*マイペース
273,39,,,タネボー,,タネボー,Seedot,くさ,,40,40,50,30,30,30,ようりょくそ,はやおき,*わるいてぐせ
274,40,,,コノハナ,,コノハナ,Nuzleaf,くさ,あく,70,70,40,60,40,60,ようりょくそ,はやおき,*わるいてぐせ
275,41,,,ダーテング,,ダーテング,Shiftry,くさ,あく,90,100,60,90,60,80,ようりょくそ,はやおき,*わるいてぐせ
833,42,56,,カムカメ,,カムカメ,Chewtle,みず,,50,64,50,38,38,44,がんじょうあご,シェルアーマー,*すいすい
834,43,57,,カジリガメ,,カジリガメ,Drednaw,みず,いわ,90,115,90,48,68,74,がんじょうあご,シェルアーマー,*すいすい
509,44,,,チョロネコ,,チョロネコ,Purrloin,あく,,41,50,37,50,37,66,じゅうなん,かるわざ,*いたずらごころ
510,45,,,レパルダス,,レパルダス,Liepard,あく,,64,88,50,88,50,106,じゅうなん,かるわざ,*いたずらごころ
835,46,155,,ワンパチ,,ワンパチ,Yamper,でんき,,59,45,50,40,50,26,たまひろい,,*びびり
836,47,156,,パルスワン,,パルスワン,Boltund,でんき,,69,90,60,90,60,121,がんじょうあご,,*かちき
659,48,,,ホルビー,,ホルビー,Bunnelby,ノーマル,,38,36,38,32,36,57,ものひろい,ほおぶくろ,*ちからもち
660,49,,,ホルード,,ホルード,Diggersby,ノーマル,じめん,85,56,77,50,77,78,ものひろい,ほおぶくろ,*ちからもち
572,50,,,チラーミィ,,チラーミィ,Minccino,ノーマル,,55,50,40,40,40,75,メロメロボディ,テクニシャン,*スキルリンク
573,51,,,チラチーノ,,チラチーノ,Cinccino,ノーマル,,75,95,60,65,60,115,メロメロボディ,テクニシャン,*スキルリンク
761,52,,,アマカジ,,アマカジ,Bounsweet,くさ,,42,30,38,30,38,32,リーフガード,どんかん,*スイートベール
762,53,,,アママイコ,,アママイコ,Steenee,くさ,,52,40,48,40,48,62,リーフガード,どんかん,*スイートベール
763,54,,,アマージョ,,アマージョ,Tsareena,くさ,,72,120,98,50,98,72,リーフガード,じょおうのいげん,*スイートベール
43,55,,,ナゾノクサ,,ナゾノクサ,Oddish,くさ,どく,45,50,55,75,65,30,ようりょくそ,,*にげあし
44,56,,,クサイハナ,,クサイハナ,Gloom,くさ,どく,60,65,70,85,75,40,ようりょくそ,,*あくしゅう
45,57,,,ラフレシア,,ラフレシア,Vileplume,くさ,どく,75,80,85,110,90,50,ようりょくそ,,*ほうし
182,58,,,キレイハナ,,キレイハナ,Bellossom,くさ,,75,80,95,90,100,50,ようりょくそ,,*いやしのこころ
406,59,,,スボミー,,スボミー,Budew,くさ,どく,40,30,35,50,70,55,しぜんかいふく,どくのトゲ,*リーフガード
315,60,,,ロゼリア,,ロゼリア,Roselia,くさ,どく,50,60,45,100,80,65,しぜんかいふく,どくのトゲ,*リーフガード
407,61,,,ロズレイド,,ロズレイド,Roserade,くさ,どく,60,70,65,125,105,90,しぜんかいふく,どくのトゲ,*テクニシャン
278,62,48,,キャモメ,,キャモメ,Wingull,みず,ひこう,40,30,30,55,30,85,するどいめ,うるおいボディ,*あめうけざら
279,63,49,,ペリッパー,,ペリッパー,Pelipper,みず,ひこう,60,50,100,95,70,65,するどいめ,あめふらし,*あめうけざら
595,64,93,,バチュル,,バチュル,Joltik,むし,でんき,50,47,50,57,50,65,ふくがん,きんちょうかん,*むしのしらせ
596,65,94,,デンチュラ,,デンチュラ,Galvantula,むし,でんき,70,77,60,97,60,108,ふくがん,きんちょうかん,*むしのしらせ
309,66,,,ラクライ,,ラクライ,Electrike,でんき,,40,45,40,65,40,65,せいでんき,ひらいしん,*マイナス
310,67,,,ライボルト,,ライボルト,Manectric,でんき,,70,75,60,105,60,105,せいでんき,ひらいしん,*マイナス
37,68,,,ロコン,通常,ロコン(通常),Vulpix,ほのお,,38,41,40,50,65,65,もらいび,,*ひでり
37,68,,,ロコン,アローラのすがた,ロコン(アローラのすがた),Vulpix,こおり,,38,41,40,50,65,65,ゆきがくれ,,*ゆきふらし
38,69,,,キュウコン,通常,キュウコン(通常),Ninetales,ほのお,,73,76,75,81,100,100,もらいび,,*ひでり
38,69,,,キュウコン,アローラのすがた,キュウコン(アローラのすがた),Ninetales,こおり,フェアリー,73,67,75,81,100,109,ゆきがくれ,,*ゆきふらし
58,70,,,ガーディ,,ガーディ,Growlithe,ほのお,,55,70,45,70,50,60,いかく,もらいび,*せいぎのこころ
59,71,,,ウインディ,,ウインディ,Arcanine,ほのお,,90,110,80,100,80,95,いかく,もらいび,*せいぎのこころ
582,72,22,,バニプッチ,,バニプッチ,Vanillite,こおり,,36,50,50,65,60,44,アイスボディ,ゆきがくれ,*くだけるよろい
583,73,23,,バニリッチ,,バニリッチ,Vanillish,こおり,,51,65,65,80,75,59,アイスボディ,ゆきがくれ,*くだけるよろい
584,74,24,,バイバニラ,,バイバニラ,Vanilluxe,こおり,,71,95,85,110,95,79,アイスボディ,ゆきふらし,*くだけるよろい
220,75,7,,ウリムー,,ウリムー,Swinub,こおり,じめん,50,50,40,30,30,50,どんかん,ゆきがくれ,*あついしぼう
221,76,8,,イノムー,,イノムー,Piloswine,こおり,じめん,100,100,80,60,60,50,どんかん,ゆきがくれ,*あついしぼう
473,77,9,,マンムー,,マンムー,Mamoswine,こおり,じめん,110,130,80,70,60,80,どんかん,ゆきがくれ,*あついしぼう
225,78,120,,デリバード,,デリバード,Delibird,こおり,ひこう,45,55,45,65,45,75,やるき,はりきり,*ふみん
361,79,25,,ユキワラシ,,ユキワラシ,Snorunt,こおり,,50,50,50,50,50,50,せいしんりょく,アイスボディ,*ムラっけ
362,80,26,,オニゴーリ,,オニゴーリ,Glalie,こおり,,80,80,80,80,80,80,せいしんりょく,アイスボディ,*ムラっけ
478,81,27,,ユキメノコ,,ユキメノコ,Froslass,こおり,ゴースト,70,80,70,80,70,110,ゆきがくれ,,*のろわれボディ
343,82,151,,ヤジロン,,ヤジロン,Baltoy,じめん,エスパー,40,40,55,40,70,55,ふゆう,,
344,83,152,,ネンドール,,ネンドール,Claydol,じめん,エスパー,60,70,105,70,120,75,ふゆう,,
749,84,,,ドロバンコ,,ドロバンコ,Mudbray,じめん,,70,100,70,45,55,45,マイペース,じきゅうりょく,*せいしんりょく
750,85,,,バンバドロ,,バンバドロ,Mudsdale,じめん,,100,125,100,55,85,35,マイペース,じきゅうりょく,*せいしんりょく
557,86,122,,イシズマイ,,イシズマイ,Dwebble,むし,いわ,50,65,85,35,35,55,がんじょう,シェルアーマー,*くだけるよろい
558,87,123,,イワパレス,,イワパレス,Crustle,むし,いわ,70,105,125,65,75,45,がんじょう,シェルアーマー,*くだけるよろい
622,88,153,,ゴビット,,ゴビット,Golett,じめん,ゴースト,59,74,50,35,50,35,てつのこぶし,ぶきよう,*ノーガード
623,89,154,,ゴルーグ,,ゴルーグ,Golurk,じめん,ゴースト,89,124,80,55,80,55,てつのこぶし,ぶきよう,*ノーガード
517,90,,,ムンナ,,ムンナ,Munna,エスパー,,76,25,45,67,55,24,よちむ,シンクロ,*テレパシー
518,91,,,ムシャーナ,,ムシャーナ,Musharna,エスパー,,116,55,85,107,95,29,よちむ,シンクロ,*テレパシー
177,92,,,ネイティ,,ネイティ,Natu,エスパー,ひこう,40,50,45,70,45,70,シンクロ,はやおき,*マジックミラー
178,93,,,ネイティオ,,ネイティオ,Xatu,エスパー,ひこう,65,75,70,95,70,95,シンクロ,はやおき,*マジックミラー
759,94,,,ヌイコグマ,,ヌイコグマ,Stufful,ノーマル,かくとう,70,75,50,45,50,50,もふもふ,ぶきよう,*メロメロボディ
760,95,,,キテルグマ,,キテルグマ,Bewear,ノーマル,かくとう,120,125,80,55,60,60,もふもふ,ぶきよう,*きんちょうかん
459,96,31,,ユキカブリ,,ユキカブリ,Snover,くさ,こおり,60,62,50,62,60,40,ゆきふらし,,*ぼうおん
460,97,32,,ユキノオー,,ユキノオー,Abomasnow,くさ,こおり,90,92,75,92,85,60,ゆきふらし,,*ぼうおん
98,98,38,,クラブ,,クラブ,Krabby,みず,,30,105,90,25,25,50,かいりきバサミ,シェルアーマー,*ちからずく
99,99,39,,キングラー,,キングラー,Kingler,みず,,55,130,115,50,50,75,かいりきバサミ,シェルアーマー,*ちからずく
194,100,58,,ウパー,,ウパー,Wooper,みず,じめん,55,45,45,25,25,15,しめりけ,ちょすい,*てんねん
195,101,59,,ヌオー,,ヌオー,Quagsire,みず,じめん,95,85,85,65,65,35,しめりけ,ちょすい,*てんねん
341,102,91,,ヘイガニ,,ヘイガニ,Corphish,みず,,43,80,65,50,35,35,かいりきバサミ,シェルアーマー,*てきおうりょく
342,103,92,,シザリガー,,シザリガー,Crawdaunt,みず,あく,63,120,85,90,55,55,かいりきバサミ,シェルアーマー,*てきおうりょく
290,104,,,ツチニン,,ツチニン,Nincada,むし,じめん,31,45,90,30,30,40,ふくがん,,*にげあし
291,105,,,テッカニン,,テッカニン,Ninjask,むし,ひこう,61,90,45,50,50,160,かそく,,*すりぬけ
292,106,,,ヌケニン,,ヌケニン,Shedinja,むし,ゴースト,1,90,45,30,30,40,ふしぎなまもり,,
236,107,,,バルキー,,バルキー,Tyrogue,かくとう,,35,35,35,35,35,35,こんじょう,ふくつのこころ,*やるき
106,108,,,サワムラー,,サワムラー,Hitmonlee,かくとう,,50,120,53,35,110,87,じゅうなん,すてみ,*かるわざ
107,109,,,エビワラー,,エビワラー,Hitmonchan,かくとう,,50,105,79,35,110,76,するどいめ,てつのこぶし,*せいしんりょく
237,110,,,カポエラー,,カポエラー,Hitmontop,かくとう,,50,95,95,35,110,70,いかく,テクニシャン,*ふくつのこころ
674,111,,,ヤンチャム,,ヤンチャム,Pancham,かくとう,,67,82,62,46,48,43,てつのこぶし,かたやぶり,*きもったま
675,112,,,ゴロンダ,,ゴロンダ,Pangoro,かくとう,あく,95,124,78,69,71,58,てつのこぶし,かたやぶり,*きもったま
599,113,,,ギアル,,ギアル,Klink,はがね,,40,55,70,45,60,30,プラス,マイナス,*クリアボディ
600,114,,,ギギアル,,ギギアル,Klang,はがね,,60,80,95,70,85,50,プラス,マイナス,*クリアボディ
601,115,,,ギギギアル,,ギギギアル,Klinklang,はがね,,60,100,115,70,85,90,プラス,マイナス,*クリアボディ
415,116,203,,ミツハニー,,ミツハニー,Combee,むし,ひこう,30,30,42,30,42,70,みつあつめ,,*はりきり
416,117,204,,ビークイン,,ビークイン,Vespiquen,むし,ひこう,70,80,102,80,102,40,プレッシャー,,*きんちょうかん
436,118,87,,ドーミラー,,ドーミラー,Bronzor,はがね,エスパー,57,24,86,24,86,23,ふゆう,たいねつ,*ヘヴィメタル
437,119,88,,ドータクン,,ドータクン,Bronzong,はがね,エスパー,67,89,116,79,116,33,ふゆう,たいねつ,*ヘヴィメタル
280,120,34,,ラルトス,,ラルトス,Ralts,エスパー,フェアリー,28,25,25,45,35,40,シンクロ,トレース,*テレパシー
281,121,35,,キルリア,,キルリア,Kirlia,エスパー,フェアリー,38,35,35,65,55,50,シンクロ,トレース,*テレパシー
282,122,36,,サーナイト,,サーナイト,Gardevoir,エスパー,フェアリー,68,65,65,125,115,80,シンクロ,トレース,*テレパシー
475,123,37,,エルレイド,,エルレイド,Gallade,エスパー,かくとう,68,125,65,65,115,80,ふくつのこころ,,*せいぎのこころ
425,124,135,,フワンテ,,フワンテ,Drifloon,ゴースト,ひこう,90,50,34,60,44,70,ゆうばく,かるわざ,*ねつぼうそう
426,125,136,,フワライド,,フワライド,Drifblim,ゴースト,ひこう,150,80,44,90,54,80,ゆうばく,かるわざ,*ねつぼうそう
829,126,166,,ヒメンカ,,ヒメンカ,Gossifleur,くさ,,40,40,60,40,60,10,わたげ,さいせいりょく,*ほうし
830,127,167,,ワタシラガ,,ワタシラガ,Eldegoss,くさ,,60,50,90,80,120,60,わたげ,さいせいりょく,*ほうし
420,128,,,チェリンボ,,チェリンボ,Cherubi,くさ,,45,35,45,62,53,35,ようりょくそ,,
421,129,,,チェリム,,チェリム,Cherrim,くさ,,70,60,70,87,78,85,フラワーギフト,,
434,130,,,スカンプー,,スカンプー,Stunky,どく,あく,63,63,47,41,41,74,あくしゅう,ゆうばく,*するどいめ
435,131,,,スカタンク,,スカタンク,Skuntank,どく,あく,103,93,67,71,61,84,あくしゅう,ゆうばく,*するどいめ
535,132,,,オタマロ,,オタマロ,Tympole,みず,,50,50,40,50,40,64,すいすい,うるおいボディ,*ちょすい
536,133,,,ガマガル,,ガマガル,Palpitoad,みず,じめん,75,65,55,65,55,69,すいすい,うるおいボディ,*ちょすい
537,134,,,ガマゲロゲ,,ガマゲロゲ,Seismitoad,みず,じめん,105,95,75,85,75,74,すいすい,どくしゅ,*ちょすい
355,135,,,ヨマワル,,ヨマワル,Duskull,ゴースト,,20,40,90,30,90,25,ふゆう,,*おみとおし
356,136,,,サマヨール,,サマヨール,Dusclops,ゴースト,,40,70,130,60,130,25,プレッシャー,,*おみとおし
477,137,,,ヨノワール,,ヨノワール,Dusknoir,ゴースト,,45,100,135,65,135,45,プレッシャー,,*おみとおし
66,138,,,ワンリキー,,ワンリキー,Machop,かくとう,,70,80,50,35,35,35,こんじょう,ノーガード,*ふくつのこころ
67,139,,,ゴーリキー,,ゴーリキー,Machoke,かくとう,,80,100,70,50,60,45,こんじょう,ノーガード,*ふくつのこころ
68,140,,,カイリキー,,カイリキー,Machamp,かくとう,,90,130,80,65,85,55,こんじょう,ノーガード,*ふくつのこころ
92,141,,,ゴース,,ゴース,Gastly,ゴースト,どく,30,35,30,100,35,80,ふゆう,,
93,142,,,ゴースト,,ゴースト,Haunter,ゴースト,どく,45,50,45,115,55,95,ふゆう,,
94,143,,,ゲンガー,,ゲンガー,Gengar,ゴースト,どく,60,65,60,130,75,110,のろわれボディ,,
129,144,42,62,コイキング,,コイキング,Magikarp,みず,,20,10,55,15,20,80,すいすい,,*びびり
130,145,43,63,ギャラドス,,ギャラドス,Gyarados,みず,ひこう,95,125,79,60,100,81,いかく,,*じしんかじょう
118,146,94,,トサキント,,トサキント,Goldeen,みず,,45,67,60,35,50,63,すいすい,みずのベール,*ひらいしん
119,147,95,,アズマオウ,,アズマオウ,Seaking,みず,,80,92,65,65,80,68,すいすい,みずのベール,*ひらいしん
223,148,44,,テッポウオ,,テッポウオ,Remoraid,みず,,35,65,35,65,35,65,はりきり,スナイパー,*ムラっけ
224,149,45,,オクタン,,オクタン,Octillery,みず,,75,105,75,105,75,45,きゅうばん,スナイパー,*ムラっけ
90,150,131,,シェルダー,,シェルダー,Shellder,みず,,30,65,100,45,25,40,シェルアーマー,スキルリンク,*ぼうじん
91,151,132,,パルシェン,,パルシェン,Cloyster,みず,こおり,50,95,180,85,45,70,シェルアーマー,スキルリンク,*ぼうじん
349,152,188,,ヒンバス,,ヒンバス,Feebas,みず,,20,15,20,10,55,80,すいすい,どんかん,*てきおうりょく
350,153,189,,ミロカロス,,ミロカロス,Milotic,みず,,95,60,79,100,125,81,ふしぎなうろこ,かちき,*メロメロボディ
550,154,64,,バスラオ,あかすじ,バスラオ(あかすじ),Basculin,みず,,70,92,65,80,55,98,すてみ,てきおうりょく,*かたやぶり
550,154,64,,バスラオ,あおすじ,バスラオ(あおすじ),Basculin,みず,,70,92,65,80,55,98,いしあたま,てきおうりょく,*かたやぶり
746,155,110,,ヨワシ,たんどくのすがた,ヨワシ(たんどくのすがた),Wishiwashi,みず,,45,20,20,25,25,40,ぎょぐん,,
746,155,110,,ヨワシ,むれたすがた,ヨワシ(むれたすがた),Wishiwashi,みず,,45,140,130,140,135,30,ぎょぐん,,
771,156,,,ナマコブシ,,ナマコブシ,Pyukumuku,みず,,55,60,130,30,130,5,とびだすなかみ,,*てんねん
568,157,,,ヤブクロン,,ヤブクロン,Trubbish,どく,,50,50,62,40,62,65,あくしゅう,ねんちゃく,*ゆうばく
569,158,,,ダストダス,,ダストダス,Garbodor,どく,,80,95,82,60,82,75,あくしゅう,くだけるよろい,*ゆうばく
850,159,99,,ヤクデ,,ヤクデ,Sizzlipede,ほのお,むし,50,65,45,50,50,45,もらいび,しろいけむり,*ほのおのからだ
851,160,100,,マルヤクデ,,マルヤクデ,Centiskorch,ほのお,むし,100,115,65,90,90,65,もらいび,しろいけむり,*ほのおのからだ
837,161,176,,タンドン,,タンドン,Rolycoly,いわ,,30,40,50,40,50,30,じょうききかん,たいねつ,*もらいび
838,162,177,,トロッゴン,,トロッゴン,Carkol,いわ,ほのお,80,60,90,60,70,50,じょうききかん,ほのおのからだ,*もらいび
839,163,178,,セキタンザン,,セキタンザン,Coalossal,いわ,ほのお,110,80,120,80,90,30,じょうききかん,ほのおのからだ,*もらいび
50,164,,,ディグダ,通常,ディグダ(通常),Diglett,じめん,,10,55,25,35,45,95,すながくれ,ありじごく,*すなのちから
50,164,,,ディグダ,アローラのすがた,ディグダ(アローラのすがた),Diglett,じめん,はがね,10,55,30,35,45,90,すながくれ,カーリーヘアー,*すなのちから
51,165,,,ダグトリオ,通常,ダグトリオ(通常),Dugtrio,じめん,,35,100,50,50,70,120,すながくれ,ありじごく,*すなのちから
51,165,,,ダグトリオ,アローラのすがた,ダグトリオ(アローラのすがた),Dugtrio,じめん,はがね,35,100,60,50,70,110,すながくれ,カーリーヘアー,*すなのちから
529,166,,,モグリュー,,モグリュー,Drilbur,じめん,,60,85,40,30,45,68,すなかき,すなのちから,*かたやぶり
530,167,,,ドリュウズ,,ドリュウズ,Excadrill,じめん,はがね,110,135,60,50,65,88,すなかき,すなのちから,*かたやぶり
524,168,154,,ダンゴロ,,ダンゴロ,Roggenrola,いわ,,55,75,85,25,25,15,がんじょう,くだけるよろい,*すなのちから
525,169,155,,ガントル,,ガントル,Boldore,いわ,,70,105,105,50,40,20,がんじょう,くだけるよろい,*すなのちから
526,170,156,,ギガイアス,,ギガイアス,Gigalith,いわ,,85,135,130,60,80,25,がんじょう,すなおこし,*すなのちから
532,171,57,,ドッコラー,,ドッコラー,Timburr,かくとう,,75,80,55,25,35,35,こんじょう,ちからずく,*てつのこぶし
533,172,58,,ドテッコツ,,ドテッコツ,Gurdurr,かくとう,,85,105,85,40,50,40,こんじょう,ちからずく,*てつのこぶし
534,173,59,,ローブシン,,ローブシン,Conkeldurr,かくとう,,105,140,95,55,65,45,こんじょう,ちからずく,*てつのこぶし
527,174,151,,コロモリ,,コロモリ,Woobat,エスパー,ひこう,65,45,43,55,43,72,てんねん,ぶきよう,*たんじゅん
528,175,152,,ココロモリ,,ココロモリ,Swoobat,エスパー,ひこう,67,57,55,77,55,114,てんねん,ぶきよう,*たんじゅん
714,176,181,,オンバット,,オンバット,Noibat,ひこう,ドラゴン,40,30,35,45,40,55,おみとおし,すりぬけ,*テレパシー
715,177,182,,オンバーン,,オンバーン,Noivern,ひこう,ドラゴン,85,70,80,97,80,123,おみとおし,すりぬけ,*テレパシー
95,178,,,イワーク,,イワーク,Onix,いわ,じめん,35,45,160,30,45,70,いしあたま,がんじょう,*くだけるよろい
208,179,,,ハガネール,,ハガネール,Steelix,はがね,じめん,75,85,200,55,65,30,いしあたま,がんじょう,*ちからずく
846,180,96,,サシカマス,,サシカマス,Arrokuda,みず,,41,63,40,40,30,66,すいすい,,*スクリューおびれ
847,181,97,,カマスジョー,,カマスジョー,Barraskewda,みず,,61,123,60,60,50,136,すいすい,,*スクリューおびれ
52,182,,,ニャース,通常,ニャース(通常),Meowth,ノーマル,,40,45,35,40,40,90,ものひろい,テクニシャン,*きんちょうかん
52,182,,,ニャース,アローラのすがた,ニャース(アローラのすがた),Meowth,あく,,40,35,35,50,40,90,ものひろい,テクニシャン,*びびり
52,182,,,ニャース,ガラルのすがた,ニャース(ガラルのすがた),Meowth,はがね,,50,65,55,40,40,40,ものひろい,かたいツメ,*きんちょうかん
863,183,,,ニャイキング,,ニャイキング,Perrserker,はがね,,70,110,100,50,60,50,カブトアーマー,かたいツメ,*はがねのせいしん
53,184,,,ペルシアン,通常,ペルシアン(通常),Persian,ノーマル,,65,70,60,65,65,115,じゅうなん,テクニシャン,*きんちょうかん
53,184,,,ペルシアン,アローラのすがた,ペルシアン(アローラのすがた),Persian,あく,,65,60,60,75,65,115,ファーコート,テクニシャン,*びびり
868,185,,,マホミル,,マホミル,Milcery,フェアリー,,45,40,40,50,61,34,スイートベール,,*アロマベール
869,186,,,マホイップ,,マホイップ,Alcremie,フェアリー,,65,60,75,110,121,64,スイートベール,,*アロマベール
742,187,,,アブリー,,アブリー,Cutiefly,むし,フェアリー,40,45,40,55,40,84,みつあつめ,りんぷん,*スイートベール
743,188,,,アブリボン,,アブリボン,Ribombee,むし,フェアリー,60,55,60,95,70,124,みつあつめ,りんぷん,*スイートベール
597,189,179,,テッシード,,テッシード,Ferroseed,くさ,はがね,44,50,91,24,86,10,てつのトゲ,,
598,190,180,,ナットレイ,,ナットレイ,Ferrothorn,くさ,はがね,74,94,131,54,116,20,てつのトゲ,,*きけんよち
710,191,,,バケッチャ,ふつうのサイズ,バケッチャ(ふつうのサイズ),Pumpkaboo,ゴースト,くさ,49,66,70,44,55,51,ものひろい,おみとおし,*ふみん
710,191,,,バケッチャ,ちいさいサイズ,バケッチャ(ちいさいサイズ),Pumpkaboo,ゴースト,くさ,44,66,70,44,55,56,ものひろい,おみとおし,*ふみん
710,191,,,バケッチャ,おおきいサイズ,バケッチャ(おおきいサイズ),Pumpkaboo,ゴースト,くさ,54,66,70,44,55,46,ものひろい,おみとおし,*ふみん
710,191,,,バケッチャ,とくだいサイズ,バケッチャ(とくだいサイズ),Pumpkaboo,ゴースト,くさ,59,66,70,44,55,41,ものひろい,おみとおし,*ふみん
711,192,,,パンプジン,ふつうのサイズ,パンプジン(ふつうのサイズ),Gourgeist,ゴースト,くさ,65,90,122,58,75,84,ものひろい,おみとおし,*ふみん
711,192,,,パンプジン,ちいさいサイズ,パンプジン(ちいさいサイズ),Gourgeist,ゴースト,くさ,55,85,122,58,75,99,ものひろい,おみとおし,*ふみん
711,192,,,パンプジン,おおきいサイズ,パンプジン(おおきいサイズ),Gourgeist,ゴースト,くさ,75,95,122,58,75,69,ものひろい,おみとおし,*ふみん
711,192,,,パンプジン,とくだいサイズ,パンプジン(とくだいサイズ),Gourgeist,ゴースト,くさ,85,100,122,58,75,54,ものひろい,おみとおし,*ふみん
172,193,84,,ピチュー,,ピチュー,Pichu,でんき,,20,40,15,35,35,60,せいでんき,,*ひらいしん
25,194,85,,ピカチュウ,,ピカチュウ,Pikachu,でんき,,35,55,40,50,50,90,せいでんき,,*ひらいしん
26,195,86,,ライチュウ,通常,ライチュウ(通常),Raichu,でんき,,60,90,55,90,80,110,せいでんき,,*ひらいしん
133,196,74,,イーブイ,,イーブイ,Eevee,ノーマル,,55,55,50,45,65,55,にげあし,てきおうりょく,*きけんよち
134,197,75,,シャワーズ,,シャワーズ,Vaporeon,みず,,130,65,60,110,95,65,ちょすい,,*うるおいボディ
135,198,76,,サンダース,,サンダース,Jolteon,でんき,,65,65,60,110,95,130,ちくでん,,*はやあし
136,199,77,,ブースター,,ブースター,Flareon,ほのお,,65,130,60,95,110,65,もらいび,,*こんじょう
196,200,79,,エーフィ,,エーフィ,Espeon,エスパー,,65,65,60,130,95,110,シンクロ,,*マジックミラー
197,201,78,,ブラッキー,,ブラッキー,Umbreon,あく,,95,65,110,60,130,65,シンクロ,,*せいしんりょく
470,202,81,,リーフィア,,リーフィア,Leafeon,くさ,,65,110,130,60,65,95,リーフガード,,*ようりょくそ
471,203,80,,グレイシア,,グレイシア,Glaceon,こおり,,65,60,110,130,95,65,ゆきがくれ,,*アイスボディ
700,204,82,,ニンフィア,,ニンフィア,Sylveon,フェアリー,,95,65,65,110,130,60,メロメロボディ,,*フェアリースキン
840,205,19,,カジッチュ,,カジッチュ,Applin,くさ,ドラゴン,40,40,80,40,40,20,じゅくせい,くいしんぼう,*ぼうだん
841,206,20,,アップリュー,,アップリュー,Flapple,くさ,ドラゴン,70,110,80,95,60,70,じゅくせい,くいしんぼう,*はりきり
842,207,21,,タルップル,,タルップル,Appletun,くさ,ドラゴン,110,85,80,100,80,30,じゅくせい,くいしんぼう,*あついしぼう
677,208,,,ニャスパー,,ニャスパー,Espurr,エスパー,,62,48,54,63,60,68,するどいめ,すりぬけ,*マイペース
678,209,,,ニャオニクス,オスの姿,ニャオニクス(オスの姿),Meowstic,エスパー,,74,48,76,83,81,104,するどいめ,すりぬけ,*いたずらごころ
678,209,,,ニャオニクス,メスの姿,ニャオニクス(メスの姿),Meowstic,エスパー,,74,48,76,83,81,104,するどいめ,すりぬけ,*かちき
684,210,,,ペロッパフ,,ペロッパフ,Swirlix,フェアリー,,62,48,66,59,57,49,スイートベール,,*かるわざ
685,211,,,ペロリーム,,ペロリーム,Slurpuff,フェアリー,,82,80,86,85,75,72,スイートベール,,*かるわざ
682,212,,,シュシュプ,,シュシュプ,Spritzee,フェアリー,,78,52,60,63,65,23,いやしのこころ,,*アロマベール
683,213,,,フレフワン,,フレフワン,Aromatisse,フェアリー,,101,72,72,99,89,29,いやしのこころ,,*アロマベール
751,214,91,,シズクモ,,シズクモ,Dewpider,みず,むし,38,40,52,40,72,27,すいほう,,*ちょすい
752,215,92,,オニシズクモ,,オニシズクモ,Araquanid,みず,むし,68,70,92,50,132,42,すいほう,,*ちょすい
360,216,,,ソーナノ,,ソーナノ,Wynaut,エスパー,,95,23,48,23,48,23,かげふみ,,*テレパシー
202,217,,,ソーナンス,,ソーナンス,Wobbuffet,エスパー,,190,33,58,33,58,33,かげふみ,,*テレパシー
83,218,,,カモネギ,通常,カモネギ(通常),Farfetch'd,ノーマル,ひこう,52,90,55,58,62,60,するどいめ,せいしんりょく,*まけんき
83,218,,,カモネギ,ガラルのすがた,カモネギ(ガラルのすがた),Farfetch'd,かくとう,,52,95,55,58,62,55,ふくつのこころ,,*きもったま
865,219,,,ネギガナイト,,ネギガナイト,Sirfetch'd,かくとう,,62,135,95,68,82,65,ふくつのこころ,,*きもったま
170,220,188,,チョンチー,,チョンチー,Chinchou,みず,でんき,75,38,38,56,56,67,ちくでん,はっこう,*ちょすい
171,221,189,,ランターン,,ランターン,Lanturn,みず,でんき,125,58,58,76,76,67,ちくでん,はっこう,*ちょすい
453,222,82,,グレッグル,,グレッグル,Croagunk,どく,かくとう,48,61,40,61,40,50,きけんよち,かんそうはだ,*どくしゅ
454,223,83,,ドクロッグ,,ドクロッグ,Toxicroak,どく,かくとう,83,106,65,86,65,85,きけんよち,かんそうはだ,*どくしゅ
559,224,161,,ズルッグ,,ズルッグ,Scraggy,あく,かくとう,50,75,70,35,70,48,だっぴ,じしんかじょう,*いかく
560,225,162,,ズルズキン,,ズルズキン,Scrafty,あく,かくとう,65,90,115,45,115,58,だっぴ,じしんかじょう,*いかく
618,226,,,マッギョ,通常,マッギョ(通常),Stunfisk,じめん,でんき,109,66,84,81,99,32,せいでんき,じゅうなん,*すながくれ
618,226,,,マッギョ,ガラルのすがた,マッギョ(ガラルのすがた),Stunfisk,じめん,はがね,109,81,99,66,84,32,ぎたい,,
213,227,170,,ツボツボ,,ツボツボ,Shuckle,むし,いわ,20,10,230,10,230,5,がんじょう,くいしんぼう,*あまのじゃく
339,228,137,60,ドジョッチ,,ドジョッチ,Barboach,みず,じめん,50,48,43,46,41,60,どんかん,きけんよち,*うるおいボディ
340,229,138,61,ナマズン,,ナマズン,Whiscash,みず,じめん,110,78,73,76,71,60,どんかん,きけんよち,*うるおいボディ
422,230,,,カラナクシ,,カラナクシ,Shellos,みず,,76,48,48,57,62,34,ねんちゃく,よびみず,*すなのちから
423,231,,,トリトドン,,トリトドン,Gastrodon,みず,じめん,111,83,68,92,82,39,ねんちゃく,よびみず,*すなのちから
767,232,124,,コソクムシ,,コソクムシ,Wimpod,むし,みず,25,35,40,20,30,80,にげごし,,
768,233,125,,グソクムシャ,,グソクムシャ,Golisopod,むし,みず,75,125,140,60,90,40,ききかいひ,,
688,234,,,カメテテ,,カメテテ,Binacle,いわ,みず,42,52,67,39,56,50,かたいツメ,スナイパー,*わるいてぐせ
689,235,,,ガメノデス,,ガメノデス,Barbaracle,いわ,みず,72,105,115,54,86,68,かたいツメ,スナイパー,*わるいてぐせ
222,236,,,サニーゴ,通常,サニーゴ(通常),Corsola,みず,いわ,65,55,95,65,95,35,はりきり,しぜんかいふく,*さいせいりょく
222,236,,,サニーゴ,ガラルのすがた,サニーゴ(ガラルのすがた),Corsola,ゴースト,,60,55,100,65,100,30,くだけるよろい,,*のろわれボディ
864,237,,,サニゴーン,,サニゴーン,Cursola,ゴースト,,60,95,50,145,130,30,くだけるよろい,,*ほろびのボディ
859,238,37,,ベロバー,,ベロバー,Impidimp,あく,フェアリー,45,45,30,55,40,50,いたずらごころ,おみとおし,*わるいてぐせ
860,239,38,,ギモー,,ギモー,Morgrem,あく,フェアリー,65,60,45,75,55,70,いたずらごころ,おみとおし,*わるいてぐせ
861,240,39,,オーロンゲ,,オーロンゲ,Grimmsnarl,あく,フェアリー,95,120,65,95,75,60,いたずらごころ,おみとおし,*わるいてぐせ
856,241,40,,ミブリム,,ミブリム,Hatenna,エスパー,,42,30,45,56,53,39,いやしのこころ,きけんよち,*マジックミラー
857,242,41,,テブリム,,テブリム,Hattrem,エスパー,,57,40,65,86,73,49,いやしのこころ,きけんよち,*マジックミラー
858,243,42,,ブリムオン,,ブリムオン,Hatterene,エスパー,フェアリー,57,90,95,136,103,29,いやしのこころ,きけんよち,*マジックミラー
757,244,159,,ヤトウモリ,,ヤトウモリ,Salandit,どく,ほのお,48,44,40,71,40,77,ふしょく,,*どんかん
758,245,160,,エンニュート,,エンニュート,Salazzle,どく,ほのお,68,64,60,111,60,117,ふしょく,,*どんかん
624,246,29,,コマタナ,,コマタナ,Pawniard,あく,はがね,45,85,70,40,40,60,まけんき,せいしんりょく,*プレッシャー
625,247,30,,キリキザン,,キリキザン,Bisharp,あく,はがね,65,125,100,60,70,70,まけんき,せいしんりょく,*プレッシャー
538,248,,,ナゲキ,,ナゲキ,Throh,かくとう,,120,100,85,30,85,45,こんじょう,せいしんりょく,*かたやぶり
539,249,,,ダゲキ,,ダゲキ,Sawk,かくとう,,75,125,75,30,75,85,がんじょう,せいしんりょく,*かたやぶり
109,250,,,ドガース,,ドガース,Koffing,どく,,40,65,95,60,45,35,ふゆう,かがくへんかガス,*あくしゅう
110,251,,,マタドガス,通常,マタドガス(通常),Weezing,どく,,65,90,120,85,70,60,ふゆう,かがくへんかガス,*あくしゅう
110,251,,,マタドガス,ガラルのすがた,マタドガス(ガラルのすがた),Weezing,どく,フェアリー,65,90,120,85,70,60,ふゆう,かがくへんかガス,*ミストメイカー
438,252,,,ウソハチ,,ウソハチ,Bonsly,いわ,,50,80,95,10,45,10,がんじょう,いしあたま,*びびり
185,253,,,ウソッキー,,ウソッキー,Sudowoodo,いわ,,70,100,115,30,65,30,がんじょう,いしあたま,*びびり
173,254,43,,ピィ,,ピィ,Cleffa,フェアリー,,50,25,28,45,55,15,メロメロボディ,マジックガード,*フレンドガード
35,255,44,,ピッピ,,ピッピ,Clefairy,フェアリー,,70,45,48,60,65,35,メロメロボディ,マジックガード,*フレンドガード
36,256,45,,ピクシー,,ピクシー,Clefable,フェアリー,,95,70,73,95,90,60,メロメロボディ,マジックガード,*てんねん
175,257,,,トゲピー,,トゲピー,Togepi,フェアリー,,35,20,65,40,65,20,はりきり,てんのめぐみ,*きょううん
176,258,,,トゲチック,,トゲチック,Togetic,フェアリー,ひこう,55,40,85,80,105,40,はりきり,てんのめぐみ,*きょううん
468,259,,,トゲキッス,,トゲキッス,Togekiss,フェアリー,ひこう,85,50,95,120,115,80,はりきり,てんのめぐみ,*きょううん
446,260,172,,ゴンベ,,ゴンベ,Munchlax,ノーマル,,135,85,40,40,85,5,ものひろい,あついしぼう,*くいしんぼう
143,261,173,,カビゴン,,カビゴン,Snorlax,ノーマル,,160,110,65,65,110,30,めんえき,あついしぼう,*くいしんぼう
546,262,168,,モンメン,,モンメン,Cottonee,くさ,フェアリー,40,27,60,37,50,66,いたずらごころ,すりぬけ,*ようりょくそ
547,263,169,,エルフーン,,エルフーン,Whimsicott,くさ,フェアリー,60,67,85,77,75,116,いたずらごころ,すりぬけ,*ようりょくそ
111,264,183,,サイホーン,,サイホーン,Rhyhorn,じめん,いわ,80,85,95,30,30,25,ひらいしん,いしあたま,*すてみ
112,265,184,,サイドン,,サイドン,Rhydon,じめん,いわ,105,130,120,45,45,40,ひらいしん,いしあたま,*すてみ
464,266,185,,ドサイドン,,ドサイドン,Rhyperior,じめん,いわ,115,140,130,55,55,40,ひらいしん,ハードロック,*すてみ
574,267,51,,ゴチム,,ゴチム,Gothita,エスパー,,45,30,50,55,65,45,おみとおし,かちき,*かげふみ
575,268,52,,ゴチミル,,ゴチミル,Gothorita,エスパー,,60,45,70,75,85,55,おみとおし,かちき,*かげふみ
576,269,53,,ゴチルゼル,,ゴチルゼル,Gothitelle,エスパー,,70,55,95,95,110,65,おみとおし,かちき,*かげふみ
577,270,54,,ユニラン,,ユニラン,Solosis,エスパー,,45,30,40,105,50,20,ぼうじん,マジックガード,*さいせいりょく
578,271,55,,ダブラン,,ダブラン,Duosion,エスパー,,65,40,50,125,60,30,ぼうじん,マジックガード,*さいせいりょく
579,272,56,,ランクルス,,ランクルス,Reuniclus,エスパー,,110,65,75,125,85,30,ぼうじん,マジックガード,*さいせいりょく
588,273,66,95,カブルモ,,カブルモ,Karrablast,むし,,50,75,45,40,45,60,むしのしらせ,だっぴ,*ノーガード
589,274,67,96,シュバルゴ,,シュバルゴ,Escavalier,むし,はがね,70,135,105,60,105,20,むしのしらせ,シェルアーマー,*ぼうじん
616,275,64,97,チョボマキ,,チョボマキ,Shelmet,むし,,50,40,85,40,65,25,うるおいボディ,シェルアーマー,*ぼうじん
617,276,65,98,アギルダー,,アギルダー,Accelgor,むし,,80,70,40,100,60,145,うるおいボディ,ねんちゃく,*かるわざ
605,277,,,リグレー,,リグレー,Elgyem,エスパー,,55,55,55,85,55,30,テレパシー,シンクロ,*アナライズ
606,278,,,オーベム,,オーベム,Beheeyem,エスパー,,75,75,75,125,95,40,テレパシー,シンクロ,*アナライズ
613,279,121,,クマシュン,,クマシュン,Cubchoo,こおり,,55,70,40,60,40,40,ゆきがくれ,ゆきかき,*びびり
614,280,122,,ツンベアー,,ツンベアー,Beartic,こおり,,95,130,80,70,80,50,ゆきがくれ,ゆきかき,*すいすい
627,281,179,,ワシボン,,ワシボン,Rufflet,ノーマル,ひこう,70,83,50,37,50,60,するどいめ,ちからずく,*はりきり
628,282,180,,ウォーグル,,ウォーグル,Braviary,ノーマル,ひこう,100,123,75,57,75,80,するどいめ,ちからずく,*まけんき
629,283,181,,バルチャイ,,バルチャイ,Vullaby,あく,ひこう,70,55,75,45,65,60,はとむね,ぼうじん,*くだけるよろい
630,284,182,,バルジーナ,,バルジーナ,Mandibuzz,あく,ひこう,110,65,105,55,95,80,はとむね,ぼうじん,*くだけるよろい
451,285,50,,スコルピ,,スコルピ,Skorupi,どく,むし,40,50,90,30,55,65,カブトアーマー,スナイパー,*するどいめ
452,286,51,,ドラピオン,,ドラピオン,Drapion,どく,あく,70,90,110,60,75,95,カブトアーマー,スナイパー,*するどいめ
607,287,48,,ヒトモシ,,ヒトモシ,Litwick,ゴースト,ほのお,50,30,55,65,55,20,もらいび,ほのおのからだ,*すりぬけ
608,288,49,,ランプラー,,ランプラー,Lampent,ゴースト,ほのお,60,40,60,95,60,55,もらいび,ほのおのからだ,*すりぬけ
609,289,50,,シャンデラ,,シャンデラ,Chandelure,ゴースト,ほのお,60,55,90,145,90,80,もらいび,ほのおのからだ,*すりぬけ
686,290,108,,マーイーカ,,マーイーカ,Inkay,あく,エスパー,53,54,53,37,46,45,あまのじゃく,きゅうばん,*すりぬけ
687,291,109,,カラマネロ,,カラマネロ,Malamar,あく,エスパー,86,92,88,68,75,73,あまのじゃく,きゅうばん,*すりぬけ
215,292,28,,ニューラ,,ニューラ,Sneasel,あく,こおり,55,95,55,35,75,115,せいしんりょく,するどいめ,*わるいてぐせ
461,293,29,,マニューラ,,マニューラ,Weavile,あく,こおり,70,120,65,45,85,125,プレッシャー,,*わるいてぐせ
302,294,174,,ヤミラミ,,ヤミラミ,Sableye,あく,ゴースト,50,75,75,65,65,50,するどいめ,あとだし,*いたずらごころ
303,295,175,,クチート,,クチート,Mawile,はがね,フェアリー,50,85,85,55,55,50,かいりきバサミ,いかく,*ちからずく
556,296,,,マラカッチ,,マラカッチ,Maractus,くさ,,75,86,67,106,67,60,ちょすい,ようりょくそ,*よびみず
561,297,,,シンボラー,,シンボラー,Sigilyph,エスパー,ひこう,72,58,80,103,80,97,ミラクルスキン,マジックガード,*いろめがね
447,298,134,,リオル,,リオル,Riolu,かくとう,,40,70,40,35,40,60,ふくつのこころ,せいしんりょく,*いたずらごころ
448,299,135,,ルカリオ,,ルカリオ,Lucario,かくとう,はがね,70,110,70,115,70,90,ふくつのこころ,せいしんりょく,*せいぎのこころ
324,300,173,,コータス,,コータス,Torkoal,ほのお,,70,85,140,85,70,20,しろいけむり,ひでり,*シェルアーマー
778,301,46,,ミミッキュ,,ミミッキュ,Mimikyu,ゴースト,フェアリー,55,90,80,50,105,96,ばけのかわ,,
878,302,108,,ゾウドウ,,ゾウドウ,Cufant,はがね,,72,80,49,40,49,40,ちからずく,,*ヘヴィメタル
879,303,109,,ダイオウドウ,,ダイオウドウ,Copperajah,はがね,,122,130,69,80,69,30,ちからずく,,*ヘヴィメタル
211,304,,,ハリーセン,,ハリーセン,Qwilfish,みず,どく,65,95,85,55,55,85,どくのトゲ,すいすい,*いかく
592,305,192,,プルリル,,プルリル,Frillish,みず,ゴースト,55,40,50,65,85,40,ちょすい,のろわれボディ,*しめりけ
593,306,193,,ブルンゲル,,ブルンゲル,Jellicent,みず,ゴースト,100,60,70,85,105,60,ちょすい,のろわれボディ,*しめりけ
747,307,127,,ヒドイデ,,ヒドイデ,Mareanie,どく,みず,50,53,62,43,52,45,ひとでなし,じゅうなん,*さいせいりょく
748,308,128,,ドヒドイデ,,ドヒドイデ,Toxapex,どく,みず,50,63,152,53,142,35,ひとでなし,じゅうなん,*さいせいりょく
845,309,93,,ウッウ,,ウッウ,Cramorant,ひこう,みず,70,85,55,85,95,85,うのミサイル,,
848,310,,,エレズン,,エレズン,Toxel,でんき,どく,40,38,35,54,35,40,びびり,せいでんき,*ぶきよう
849,311,,,ストリンダー,ハイなすがた,ストリンダー(ハイなすがた),Toxtricity,でんき,どく,75,98,70,114,70,75,パンクロック,プラス,*テクニシャン
849,311,,,ストリンダー,ローなすがた,ストリンダー(ローなすがた),Toxtricity,でんき,どく,75,98,70,114,70,75,パンクロック,マイナス,*テクニシャン
843,312,174,,スナヘビ,,スナヘビ,Silicobra,じめん,,52,57,75,35,50,46,すなはき,だっぴ,*すながくれ
844,313,175,,サダイジャ,,サダイジャ,Sandaconda,じめん,,72,107,125,65,70,71,すなはき,だっぴ,*すながくれ
449,314,,,ヒポポタス,,ヒポポタス,Hippopotas,じめん,,68,72,78,38,42,32,すなおこし,,*すなのちから
450,315,,,カバルドン,,カバルドン,Hippowdon,じめん,,108,112,118,68,72,47,すなおこし,,*すなのちから
632,316,101,,アイアント,,アイアント,Durant,むし,はがね,58,109,112,48,48,109,むしのしらせ,はりきり,*なまけ
631,317,102,,クイタラン,,クイタラン,Heatmor,ほのお,,85,97,66,105,66,65,くいしんぼう,もらいび,*しろいけむり
694,318,,,エリキテル,,エリキテル,Helioptile,でんき,ノーマル,44,38,33,61,43,70,かんそうはだ,すながくれ,*サンパワー
695,319,,,エレザード,,エレザード,Heliolisk,でんき,ノーマル,62,55,52,109,94,109,かんそうはだ,すながくれ,*サンパワー
701,320,,,ルチャブル,,ルチャブル,Hawlucha,かくとう,ひこう,78,92,75,74,63,118,じゅうなん,かるわざ,*かたやぶり
328,321,,,ナックラー,,ナックラー,Trapinch,じめん,,45,100,45,45,45,10,かいりきバサミ,ありじごく,*ちからずく
329,322,,,ビブラーバ,,ビブラーバ,Vibrava,じめん,ドラゴン,50,70,50,50,50,70,ふゆう,,
330,323,,,フライゴン,,フライゴン,Flygon,じめん,ドラゴン,80,100,80,80,80,100,ふゆう,,
610,324,,,キバゴ,,キバゴ,Axew,ドラゴン,,46,87,60,30,40,57,とうそうしん,かたやぶり,*きんちょうかん
611,325,,,オノンド,,オノンド,Fraxure,ドラゴン,,66,117,70,40,50,67,とうそうしん,かたやぶり,*きんちょうかん
612,326,,,オノノクス,,オノノクス,Haxorus,ドラゴン,,76,147,90,60,70,97,とうそうしん,かたやぶり,*きんちょうかん
562,327,,,デスマス,通常,デスマス(通常),Yamask,ゴースト,,38,30,85,55,65,30,ミイラ,,
562,327,,,デスマス,ガラルのすがた,デスマス(ガラルのすがた),Yamask,じめん,ゴースト,38,55,85,30,65,30,さまようたましい,,
867,328,,,デスバーン,,デスバーン,Runerigus,じめん,ゴースト,58,95,145,50,105,30,さまようたましい,,
563,329,,,デスカーン,,デスカーン,Cofagrigus,ゴースト,,58,50,145,95,105,30,ミイラ,,
679,330,,,ヒトツキ,,ヒトツキ,Honedge,はがね,ゴースト,45,80,100,35,37,28,ノーガード,,
680,331,,,ニダンギル,,ニダンギル,Doublade,はがね,ゴースト,59,110,150,45,49,35,ノーガード,,
681,332,,,ギルガルド,シールドフォルム,ギルガルド(シールドフォルム),Aegislash,はがね,ゴースト,60,50,140,50,140,60,バトルスイッチ,,
681,332,,,ギルガルド,ブレードフォルム,ギルガルド(ブレードフォルム),Aegislash,はがね,ゴースト,60,140,50,140,50,60,バトルスイッチ,,
77,333,105,,ポニータ,ガラルのすがた,ポニータ(ガラルのすがた),Ponyta,エスパー,,50,85,55,65,65,90,にげあし,パステルベール,*きけんよち
78,334,106,,ギャロップ,ガラルのすがた,ギャロップ(ガラルのすがた),Rapidash,エスパー,フェアリー,65,100,70,80,80,105,にげあし,パステルベール,*きけんよち
854,335,132,,ヤバチャ,,ヤバチャ,Sinistea,ゴースト,,40,45,45,74,54,50,くだけるよろい,,*のろわれボディ
855,336,133,,ポットデス,,ポットデス,Polteageist,ゴースト,,60,65,65,134,114,70,くだけるよろい,,*のろわれボディ
876,337,171,,イエッサン,オスのすがた,イエッサン(オスのすがた),Indeedee,エスパー,ノーマル,60,65,55,105,95,95,せいしんりょく,シンクロ,*サイコメイカー
876,337,171,,イエッサン,メスのすがた,イエッサン(メスのすがた),Indeedee,エスパー,ノーマル,70,55,65,95,105,85,マイペース,シンクロ,*サイコメイカー
708,338,33,,ボクレー,,ボクレー,Phantump,ゴースト,くさ,43,70,48,50,60,38,しぜんかいふく,おみとおし,*しゅうかく
709,339,34,,オーロット,,オーロット,Trevenant,ゴースト,くさ,85,110,76,65,82,56,しぜんかいふく,おみとおし,*しゅうかく
755,340,,,ネマシュ,,ネマシュ,Morelull,くさ,フェアリー,40,35,55,65,75,15,はっこう,ほうし,*あめうけざら
756,341,,,マシェード,,マシェード,Shiinotic,くさ,フェアリー,60,45,80,90,100,30,はっこう,ほうし,*あめうけざら
765,342,89,,ヤレユータン,,ヤレユータン,Oranguru,ノーマル,エスパー,90,60,80,90,110,60,せいしんりょく,テレパシー,*きょうせい
766,343,90,,ナゲツケサル,,ナゲツケサル,Passimian,かくとう,,100,120,90,40,60,80,レシーバー,,*まけんき
877,344,104,157,モルペコ,,モルペコ,Morpeko,でんき,あく,58,95,58,70,58,97,はらぺこスイッチ,,
870,345,,,タイレーツ,,タイレーツ,Falinks,かくとう,,65,100,100,70,60,75,カブトアーマー,,*まけんき
780,346,,,ジジーロン,,ジジーロン,Drampa,ノーマル,ドラゴン,78,60,85,135,91,36,ぎゃくじょう,そうしょく,*ノーてんき
776,347,,,バクガメス,,バクガメス,Turtonator,ほのお,ドラゴン,60,78,135,91,85,36,シェルアーマー,,
777,348,,,トゲデマル,,トゲデマル,Togedemaru,でんき,はがね,65,98,63,40,73,96,てつのトゲ,ひらいしん,*がんじょう
872,349,1,,ユキハミ,,ユキハミ,Snom,こおり,むし,30,25,35,45,30,20,りんぷん,,*こおりのりんぷん
873,350,2,,モスノウ,,モスノウ,Frosmoth,こおり,むし,70,65,60,125,90,65,りんぷん,,*こおりのりんぷん
852,351,129,,タタッコ,,タタッコ,Clobbopus,かくとう,,50,68,60,50,50,32,じゅうなん,,*テクニシャン
853,352,130,,オトスパス,,オトスパス,Grapploct,かくとう,,80,118,90,70,80,42,じゅうなん,,*テクニシャン
871,353,126,158,バチンウニ,,バチンウニ,Pincurchin,でんき,,48,101,95,91,85,15,ひらいしん,,*エレキメイカー
458,354,46,,タマンタ,,タマンタ,Mantyke,みず,ひこう,45,20,50,60,120,50,すいすい,ちょすい,*みずのベール
226,355,47,,マンタイン,,マンタイン,Mantine,みず,ひこう,85,40,70,80,140,70,すいすい,ちょすい,*みずのベール
320,356,190,,ホエルコ,,ホエルコ,Wailmer,みず,,130,70,35,70,35,60,みずのベール,どんかん,*プレッシャー
321,357,191,,ホエルオー,,ホエルオー,Wailord,みず,,170,90,45,90,45,60,みずのベール,どんかん,*プレッシャー
712,358,142,,カチコール,,カチコール,Bergmite,こおり,,55,69,85,32,35,28,マイペース,アイスボディ,*がんじょう
713,359,143,,クレベース,,クレベース,Avalugg,こおり,,95,117,184,44,46,28,マイペース,アイスボディ,*がんじょう
781,360,162,,ダダリン,,ダダリン,Dhelmise,ゴースト,くさ,70,131,100,86,90,40,はがねつかい,,
131,361,190,,ラプラス,,ラプラス,Lapras,みず,こおり,130,85,80,85,95,60,ちょすい,シェルアーマー,*うるおいボディ
337,362,,,ルナトーン,,ルナトーン,Lunatone,いわ,エスパー,90,55,65,95,85,70,ふゆう,,
338,363,,,ソルロック,,ソルロック,Solrock,いわ,エスパー,90,95,85,55,65,70,ふゆう,,
439,364,10,,マネネ,,マネネ,Mime Jr.,エスパー,フェアリー,20,25,45,70,90,60,ぼうおん,フィルター,*テクニシャン
122,365,11,,バリヤード,通常,バリヤード(通常),Mr. Mime,エスパー,フェアリー,40,45,65,100,120,90,ぼうおん,フィルター,*テクニシャン
122,365,11,,バリヤード,ガラルのすがた,バリヤード(ガラルのすがた),Mr. Mime,こおり,エスパー,50,65,65,90,90,100,やるき,バリアフリー,*アイスボディ
866,366,12,,バリコオル,,バリコオル,Mr. Rime,こおり,エスパー,80,85,75,110,100,70,ちどりあし,バリアフリー,*アイスボディ
554,367,103,,ダルマッカ,ガラルのすがた,ダルマッカ(ガラルのすがた),Darumaka,こおり,,70,90,45,15,45,50,はりきり,,*せいしんりょく
555,368,104,,ヒヒダルマ,ガラルのすがた,ヒヒダルマ(ガラルのすがた),Darmanitan,こおり,,105,140,55,30,55,95,ごりむちゅう,,*ダルマモード
555,368,104,,ヒヒダルマ,ダルマ・ガラル,ヒヒダルマ(ダルマ・ガラル),Darmanitan,こおり,ほのお,105,160,55,30,55,135,ごりむちゅう,,*ダルマモード
874,369,89,,イシヘンジン,,イシヘンジン,Stonjourner,いわ,,100,125,135,20,20,70,パワースポット,,
875,370,90,,コオリッポ,アイスフェイス,コオリッポ(アイスフェイス),Eiscue,こおり,,75,80,110,65,90,50,アイスフェイス,,
875,370,90,,コオリッポ,ナイスフェイス,コオリッポ(ナイスフェイス),Eiscue,こおり,,75,80,70,65,50,130,アイスフェイス,,
884,371,,,ジュラルドン,,ジュラルドン,Duraludon,はがね,ドラゴン,70,95,115,120,50,85,ライトメタル,ヘヴィメタル,*すじがねいり
479,372,,,ロトム,基本,ロトム(基本),Rotom,でんき,ゴースト,50,50,77,95,77,91,ふゆう,,
479,372,,,ロトム,ヒート,ロトム(ヒート),Rotom,でんき,ほのお,50,65,107,105,107,86,ふゆう,,
479,372,,,ロトム,ウォッシュ,ロトム(ウォッシュ),Rotom,でんき,みず,50,65,107,105,107,86,ふゆう,,
479,372,,,ロトム,フロスト,ロトム(フロスト),Rotom,でんき,こおり,50,65,107,105,107,86,ふゆう,,
479,372,,,ロトム,スピン,ロトム(スピン),Rotom,でんき,ひこう,50,65,107,105,107,86,ふゆう,,
479,372,,,ロトム,カット,ロトム(カット),Rotom,でんき,くさ,50,65,107,105,107,86,ふゆう,,
132,373,207,,メタモン,,メタモン,Ditto,ノーマル,,48,48,48,48,48,48,じゅうなん,,*かわりもの
880,374,,,パッチラゴン,,パッチラゴン,Dracozolt,でんき,ドラゴン,90,100,90,80,70,75,ちくでん,はりきり,*すなかき
881,375,,,パッチルドン,,パッチルドン,Arctozolt,でんき,こおり,90,100,90,90,80,55,ちくでん,せいでんき,*ゆきかき
882,376,,,ウオノラゴン,,ウオノラゴン,Dracovish,みず,ドラゴン,90,90,100,70,80,75,ちょすい,がんじょうあご,*すなかき
883,377,,,ウオチルドン,,ウオチルドン,Arctovish,みず,こおり,90,90,100,80,90,55,ちょすい,アイスボディ,*ゆきかき
4,378,,,ヒトカゲ,,ヒトカゲ,Charmander,ほのお,,39,52,43,60,50,65,もうか,,*サンパワー
5,379,,,リザード,,リザード,Charmeleon,ほのお,,58,64,58,80,65,80,もうか,,*サンパワー
6,380,,,リザードン,,リザードン,Charizard,ほのお,ひこう,78,84,78,109,85,100,もうか,,*サンパワー
772,381,,,タイプ：ヌル,,タイプ：ヌル,Type: Null,ノーマル,,95,95,95,95,95,59,カブトアーマー,,
773,382,,,シルヴァディ,,シルヴァディ,Silvally,ノーマル,,95,95,95,95,95,95,ARシステム,,
246,383,139,,ヨーギラス,,ヨーギラス,Larvitar,いわ,じめん,50,64,50,45,50,41,こんじょう,,*すながくれ
247,384,140,,サナギラス,,サナギラス,Pupitar,いわ,じめん,70,84,70,65,70,51,だっぴ,,
248,385,141,,バンギラス,,バンギラス,Tyranitar,いわ,あく,100,134,110,95,100,61,すなおこし,,*きんちょうかん
633,386,136,,モノズ,,モノズ,Deino,あく,ドラゴン,52,65,50,45,50,38,はりきり,,
634,387,137,,ジヘッド,,ジヘッド,Zweilous,あく,ドラゴン,72,85,70,65,70,58,はりきり,,
635,388,138,,サザンドラ,,サザンドラ,Hydreigon,あく,ドラゴン,92,105,90,125,90,98,ふゆう,,
704,389,60,,ヌメラ,,ヌメラ,Goomy,ドラゴン,,45,50,35,55,75,40,そうしょく,うるおいボディ,*ぬめぬめ
705,390,61,,ヌメイル,,ヌメイル,Sliggoo,ドラゴン,,68,75,53,83,113,60,そうしょく,うるおいボディ,*ぬめぬめ
706,391,62,,ヌメルゴン,,ヌメルゴン,Goodra,ドラゴン,,90,100,70,110,150,80,そうしょく,うるおいボディ,*ぬめぬめ
782,392,165,,ジャラコ,,ジャラコ,Jangmo-o,ドラゴン,,45,55,65,45,45,45,ぼうだん,ぼうおん,*ぼうじん
783,393,166,,ジャランゴ,,ジャランゴ,Hakamo-o,ドラゴン,かくとう,55,75,90,65,70,65,ぼうだん,ぼうおん,*ぼうじん
784,394,167,,ジャラランガ,,ジャラランガ,Kommo-o,ドラゴン,かくとう,75,110,125,100,105,85,ぼうだん,ぼうおん,*ぼうじん
885,395,110,,ドラメシヤ,,ドラメシヤ,Dreepy,ドラゴン,ゴースト,28,60,30,40,30,82,クリアボディ,すりぬけ,*のろわれボディ
886,396,111,,ドロンチ,,ドロンチ,Drakloak,ドラゴン,ゴースト,68,80,50,60,50,102,クリアボディ,すりぬけ,*のろわれボディ
887,397,112,,ドラパルト,,ドラパルト,Dragapult,ドラゴン,ゴースト,88,120,75,100,75,142,クリアボディ,すりぬけ,*のろわれボディ
888,398,,,ザシアン,れきせんのゆうしゃ,ザシアン(れきせんのゆうしゃ),Zacian,フェアリー,,92,130,115,80,115,138,ふとうのけん,,
888,398,,,ザシアン,けんのおう,ザシアン(けんのおう),Zacian,フェアリー,はがね,92,170,115,80,115,148,ふとうのけん,,
889,399,,,ザマゼンタ,れきせんのゆうしゃ,ザマゼンタ(れきせんのゆうしゃ),Zamazenta,かくとう,,92,130,115,80,115,138,ふくつのたて,,
889,399,,,ザマゼンタ,たてのおう,ザマゼンタ(たてのおう),Zamazenta,かくとう,はがね,92,130,145,80,145,128,ふくつのたて,,
890,400,,,ムゲンダイナ,通常,ムゲンダイナ(通常),Eternatus,どく,ドラゴン,140,85,95,145,95,130,プレッシャー,,
890,400,,,ムゲンダイナ,ムゲンダイマックス,ムゲンダイナ(ムゲンダイマックス),Eternatus,どく,ドラゴン,255,115,250,125,250,130,プレッシャー,,
1,68,,,フシギダネ,,フシギダネ,Bulbasaur,くさ,どく,45,49,49,65,65,45,しんりょく,,*ようりょくそ
2,69,,,フシギソウ,,フシギソウ,Ivysaur,くさ,どく,60,62,63,80,80,60,しんりょく,,*ようりょくそ
3,70,,,フシギバナ,,フシギバナ,Venusaur,くさ,どく,80,82,83,100,100,80,しんりょく,,*ようりょくそ
7,71,,,ゼニガメ,,ゼニガメ,Squirtle,みず,,44,48,65,50,64,43,げきりゅう,,*あめうけざら
8,72,,,カメール,,カメール,Wartortle,みず,,59,63,80,65,80,58,げきりゅう,,*あめうけざら
9,73,,,カメックス,,カメックス,Blastoise,みず,,79,83,100,85,105,78,げきりゅう,,*あめうけざら
13,,,,ビードル,,ビードル,Weedle,むし,どく,40,35,30,20,20,50,りんぷん,,*にげあし
14,,,,コクーン,,コクーン,Kakuna,むし,どく,45,25,50,25,25,35,だっぴ,,
15,,,,スピアー,,スピアー,Beedrill,むし,どく,65,90,40,45,80,75,むしのしらせ,,*スナイパー
16,,,,ポッポ,,ポッポ,Pidgey,ノーマル,ひこう,40,45,40,35,35,56,するどいめ,ちどりあし,*はとむね
17,,,,ピジョン,,ピジョン,Pidgeotto,ノーマル,ひこう,63,60,55,50,50,71,するどいめ,ちどりあし,*はとむね
18,,,,ピジョット,,ピジョット,Pidgeot,ノーマル,ひこう,83,80,75,70,70,101,するどいめ,ちどりあし,*はとむね
19,,,,コラッタ,通常,コラッタ(通常),Rattata,ノーマル,,30,56,35,25,35,72,にげあし,こんじょう,*はりきり
19,15,15,,コラッタ,アローラのすがた,コラッタ(アローラのすがた),Rattata,あく,ノーマル,30,56,35,25,35,72,くいしんぼう,はりきり,*あついしぼう
20,,,,ラッタ,通常,ラッタ(通常),Raticate,ノーマル,,55,81,60,50,70,97,にげあし,こんじょう,*はりきり
20,16,16,,ラッタ,アローラのすがた,ラッタ(アローラのすがた),Raticate,あく,ノーマル,75,71,70,40,80,77,くいしんぼう,はりきり,*あついしぼう
21,87,73,,オニスズメ,,オニスズメ,Spearow,ノーマル,ひこう,40,60,30,31,31,70,するどいめ,,*スナイパー
22,88,74,,オニドリル,,オニドリル,Fearow,ノーマル,ひこう,65,90,65,61,61,100,するどいめ,,*スナイパー
23,61,,,アーボ,,アーボ,Ekans,どく,,35,60,44,40,54,55,いかく,だっぴ,*きんちょうかん
24,62,,,アーボック,,アーボック,Arbok,どく,,60,95(第6世代は85),69,65,79,80,いかく,だっぴ,*きんちょうかん
26,86,,,ライチュウ,アローラのすがた,ライチュウ(アローラのすがた),Raichu,でんき,エスパー,60,85,50,95,85,110,サーフテール,,
27,168,,,サンド,通常,サンド(通常),Sandshrew,じめん,,50,75,85,20,30,40,すながくれ,,*すなかき
27,168,,,サンド,アローラのすがた,サンド(アローラのすがた),Sandshrew,こおり,はがね,50,75,90,10,35,40,ゆきがくれ,,*ゆきかき
28,169,,,サンドパン,通常,サンドパン(通常),Sandslash,じめん,,75,100,110,45,55,65,すながくれ,,*すなかき
28,169,,,サンドパン,アローラのすがた,サンドパン(アローラのすがた),Sandslash,こおり,はがね,75,100,120,25,65,65,ゆきがくれ,,*ゆきかき
29,65,,,ニドラン♀,,ニドラン♀,Nidoran♀,どく,,55,47,52,40,40,41,どくのトゲ,とうそうしん,*はりきり
30,66,,,ニドリーナ,,ニドリーナ,Nidorina,どく,,70,62,67,55,55,56,どくのトゲ,とうそうしん,*はりきり
31,67,,,ニドクイン,,ニドクイン,Nidoqueen,どく,じめん,90,92,87,75,85,76,どくのトゲ,とうそうしん,*ちからずく
32,68,,,ニドラン♂,,ニドラン♂,Nidoran♂,どく,,46,57,40,40,40,50,どくのトゲ,とうそうしん,*はりきり
33,69,,,ニドリーノ,,ニドリーノ,Nidorino,どく,,61,72,57,55,55,65,どくのトゲ,とうそうしん,*はりきり
34,70,,,ニドキング,,ニドキング,Nidoking,どく,じめん,81,102,77,85,75,85,どくのトゲ,とうそうしん,*ちからずく
39,12,,,プリン,,プリン,Jigglypuff,ノーマル,フェアリー,115,45,20,45,25,20,メロメロボディ,かちき,*フレンドガード
40,13,,,プクリン,,プクリン,Wigglytuff,ノーマル,フェアリー,140,70,45,85,50,45,メロメロボディ,かちき,*おみとおし
41,144,,,ズバット,,ズバット,Zubat,どく,ひこう,40,45,35,30,40,55,せいしんりょく,,*すりぬけ
42,145,,,ゴルバット,,ゴルバット,Golbat,どく,ひこう,75,80,70,65,75,90,せいしんりょく,,*すりぬけ
46,180,147,,パラス,,パラス,Paras,むし,くさ,35,70,55,45,55,25,ほうし,かんそうはだ,*しめりけ
47,181,148,,パラセクト,,パラセクト,Parasect,むし,くさ,60,95,80,60,80,30,ほうし,かんそうはだ,*しめりけ
48,,,,コンパン,,コンパン,Venonat,むし,どく,60,55,50,40,55,45,ふくがん,いろめがね,*にげあし
49,,,,モルフォン,,モルフォン,Venomoth,むし,どく,70,65,60,90,75,90,りんぷん,いろめがね,*ミラクルスキン
54,146,,,コダック,,コダック,Psyduck,みず,,50,52,48,65,50,55,しめりけ,ノーてんき,*すいすい
55,147,,,ゴルダック,,ゴルダック,Golduck,みず,,80,82,78,95,80,85,しめりけ,ノーてんき,*すいすい
56,93,79,,マンキー,,マンキー,Mankey,かくとう,,40,80,35,35,45,70,やるき,いかりのつぼ,*まけんき
57,94,80,,オコリザル,,オコリザル,Primeape,かくとう,,65,105,60,60,70,95,やるき,いかりのつぼ,*まけんき
60,142,,,ニョロモ,,ニョロモ,Poliwag,みず,,40,50,40,40,40,90,ちょすい,しめりけ,*すいすい
61,143,,,ニョロゾ,,ニョロゾ,Poliwhirl,みず,,65,65,65,50,50,90,ちょすい,しめりけ,*すいすい
62,144,,,ニョロボン,,ニョロボン,Poliwrath,みず,かくとう,90,95,95,70,90,70,ちょすい,しめりけ,*すいすい
63,31,,,ケーシィ,,ケーシィ,Abra,エスパー,,25,20,15,105,55,90,シンクロ,せいしんりょく,*マジックガード
64,32,,,ユンゲラー,,ユンゲラー,Kadabra,エスパー,,40,35,30,120,70,105,シンクロ,せいしんりょく,*マジックガード
65,33,,,フーディン,,フーディン,Alakazam,エスパー,,55,50,45,135,95,120,シンクロ,せいしんりょく,*マジックガード
69,,,,マダツボミ,,マダツボミ,Bellsprout,くさ,どく,50,75,35,70,30,40,ようりょくそ,,*くいしんぼう
70,,,,ウツドン,,ウツドン,Weepinbell,くさ,どく,65,90,50,85,45,55,ようりょくそ,,*くいしんぼう
71,,,,ウツボット,,ウツボット,Victreebel,くさ,どく,80,105,65,100,70,70,ようりょくそ,,*くいしんぼう
72,40,,,メノクラゲ,,メノクラゲ,Tentacool,みず,どく,40,40,35,50,100,70,クリアボディ,ヘドロえき,*あめうけざら
73,41,,,ドククラゲ,,ドククラゲ,Tentacruel,みず,どく,80,70,65,80,120,100,クリアボディ,ヘドロえき,*あめうけざら
74,,,,イシツブテ,通常,イシツブテ(通常),Geodude,いわ,じめん,40,80,100,30,30,20,いしあたま,がんじょう,*すながくれ
74,298,229,,イシツブテ,アローラのすがた,イシツブテ(アローラのすがた),Geodude,いわ,でんき,40,80,100,30,30,20,じりょく,がんじょう,*エレキスキン
75,,,,ゴローン,通常,ゴローン(通常),Graveler,いわ,じめん,55,95,115,45,45,35,いしあたま,がんじょう,*すながくれ
75,299,230,,ゴローン,アローラのすがた,ゴローン(アローラのすがた),Graveler,いわ,でんき,55,95,115,45,45,35,じりょく,がんじょう,*エレキスキン
76,,,,ゴローニャ,通常,ゴローニャ(通常),Golem,いわ,じめん,80,120,130,55,65,45,いしあたま,がんじょう,*すながくれ
76,300,231,,ゴローニャ,アローラのすがた,ゴローニャ(アローラのすがた),Golem,いわ,でんき,80,120,130,55,65,45,じりょく,がんじょう,*エレキスキン
77,105,,,ポニータ,通常,ポニータ(通常),Ponyta,ほのお,,50,85,55,65,65,90,にげあし,もらいび,*ほのおのからだ
78,106,,,ギャロップ,通常,ギャロップ(通常),Rapidash,ほのお,,65,100,70,80,80,105,にげあし,もらいび,*ほのおのからだ
79,1,,,ヤドン,通常,ヤドン(通常),Slowpoke,みず,エスパー,90,65,65,40,40,15,どんかん,マイペース,*さいせいりょく
79,1,,,ヤドン,ガラルのすがた,ヤドン(ガラルのすがた),Slowpoke,エスパー,,90,65,65,40,40,15,くいしんぼう,マイペース,*さいせいりょく
80,2,,,ヤドラン,ヤドラン,ヤドラン(ヤドラン),Slowbro,みず,エスパー,95,75,110,100,80,30,どんかん,マイペース,*さいせいりょく
80,2,,,ヤドラン,ガラルのすがた,ヤドラン(ガラルのすがた),Slowbro,どく,エスパー,95,100,95,100,70,30,クイックドロウ,マイペース,*さいせいりょく
81,105,,,コイル,,コイル,Magnemite,でんき,はがね,25,35,70,95,55,45,じりょく,がんじょう,*アナライズ
82,106,,,レアコイル,,レアコイル,Magneton,でんき,はがね,50,60,95,120,70,70,じりょく,がんじょう,*アナライズ
84,,,,ドードー,,ドードー,Doduo,ノーマル,ひこう,35,85,45,35,35,75,にげあし,はやおき,*ちどりあし
85,,,,ドードリオ,,ドードリオ,Dodrio,ノーマル,ひこう,60,110,70,60,60,110(第6世代は100),にげあし,はやおき,*ちどりあし
86,115,,,パウワウ,,パウワウ,Seel,みず,,65,45,55,45,70,45,あついしぼう,うるおいボディ,*アイスボディ
87,116,,,ジュゴン,,ジュゴン,Dewgong,みず,こおり,90,70,80,70,95,70,あついしぼう,うるおいボディ,*アイスボディ
88,,,,ベトベター,通常,ベトベター(通常),Grimer,どく,,80,80,50,40,50,25,あくしゅう,ねんちゃく,*どくしゅ
88,57,50,,ベトベター,アローラのすがた,ベトベター(アローラのすがた),Grimer,どく,あく,80,80,50,40,50,25,どくしゅ,くいしんぼう,*かがくのちから
89,,,,ベトベトン,通常,ベトベトン(通常),Muk,どく,,105,105,75,65,100,50,あくしゅう,ねんちゃく,*どくしゅ
89,58,51,,ベトベトン,アローラのすがた,ベトベトン(アローラのすがた),Muk,どく,あく,105,105,75,65,100,50,どくしゅ,くいしんぼう,*かがくのちから
96,66,54,,スリープ,,スリープ,Drowzee,エスパー,,60,48,45,43,90,42,ふみん,よちむ,*せいしんりょく
97,67,55,,スリーパー,,スリーパー,Hypno,エスパー,,85,73,70,73,115,67,ふみん,よちむ,*せいしんりょく
100,,,,ビリリダマ,,ビリリダマ,Voltorb,でんき,,40,30,50,55,55,100,ぼうおん,せいでんき,*ゆうばく
101,,,,マルマイン,,マルマイン,Electrode,でんき,,60,50,70,80,80,150(第6世代は140),ぼうおん,せいでんき,*ゆうばく
102,205,,,タマタマ,,タマタマ,Exeggcute,くさ,エスパー,60,40,80,60,45,40,ようりょくそ,,*しゅうかく
103,206,,,ナッシー,通常,ナッシー(通常),Exeggutor,くさ,エスパー,95,95,85,125,75,55,ようりょくそ,,*しゅうかく
103,206,,,ナッシー,アローラのすがた,ナッシー(アローラのすがた),Exeggutor,くさ,ドラゴン,95,105,85,125,75,45,おみとおし,,*しゅうかく
104,170,,,カラカラ,,カラカラ,Cubone,じめん,,50,50,95,40,50,35,いしあたま,ひらいしん,*カブトアーマー
105,171,,,ガラガラ,通常,ガラガラ(通常),Marowak,じめん,,60,80,110,50,80,45,いしあたま,ひらいしん,*カブトアーマー
105,171,,,ガラガラ,アローラのすがた,ガラガラ(アローラのすがた),Marowak,ほのお,ゴースト,60,80,110,50,80,45,のろわれボディ,ひらいしん,*いしあたま
108,54,,,ベロリンガ,,ベロリンガ,Lickitung,ノーマル,,90,55,75,60,75,30,マイペース,どんかん,*ノーてんき
113,7,,,ラッキー,,ラッキー,Chansey,ノーマル,,250,5,5,35,105,50,しぜんかいふく,てんのめぐみ,*いやしのこころ
114,80,,,モンジャラ,,モンジャラ,Tangela,くさ,,65,55,115,100,40,60,ようりょくそ,リーフガード,*さいせいりょく
115,172,,,ガルーラ,,ガルーラ,Kangaskhan,ノーマル,,105,95,80,40,80,90,はやおき,きもったま,*せいしんりょく
116,198,,,タッツー,,タッツー,Horsea,みず,,30,40,70,70,25,60,すいすい,スナイパー,*しめりけ
117,199,,,シードラ,,シードラ,Seadra,みず,,55,65,95,95,45,85,どくのトゲ,スナイパー,*しめりけ
120,98,,,ヒトデマン,,ヒトデマン,Staryu,みず,,30,45,55,70,55,85,はっこう,しぜんかいふく,*アナライズ
121,99,,,スターミー,,スターミー,Starmie,みず,エスパー,60,75,85,100,85,115,はっこう,しぜんかいふく,*アナライズ
123,118,,,ストライク,,ストライク,Scyther,むし,ひこう,70,110,80,55,80,105,むしのしらせ,テクニシャン,*ふくつのこころ
124,14,,,ルージュラ,,ルージュラ,Jynx,こおり,エスパー,65,50,35,115,95,95,どんかん,よちむ,*かんそうはだ
125,16,,,エレブー,,エレブー,Electabuzz,でんき,,65,83,57,95,85,105,せいでんき,,*やるき
126,19,,,ブーバー,,ブーバー,Magmar,ほのお,,65,95,57,100,85,93,ほのおのからだ,,*やるき
127,120,,,カイロス,,カイロス,Pinsir,むし,,65,125,100,55,70,85,かいりきバサミ,かたやぶり,*じしんかじょう
128,116,,,ケンタロス,,ケンタロス,Tauros,ノーマル,,75,100,95,40,70,110,いかく,いかりのつぼ,*ちからずく
137,208,,,ポリゴン,,ポリゴン,Porygon,ノーマル,,65,60,70,85,75,40,トレース,ダウンロード,*アナライズ
138,123,,,オムナイト,,オムナイト,Omanyte,いわ,みず,35,40,100,90,55,35,すいすい,シェルアーマー,*くだけるよろい
139,124,,,オムスター,,オムスター,Omastar,いわ,みず,70,60,125,115,70,55,すいすい,シェルアーマー,*くだけるよろい
140,125,,,カブト,,カブト,Kabuto,いわ,みず,30,80,90,55,45,55,すいすい,カブトアーマー,*くだけるよろい
141,126,,,カブトプス,,カブトプス,Kabutops,いわ,みず,60,115,105,65,70,80,すいすい,カブトアーマー,*くだけるよろい
142,127,,,プテラ,,プテラ,Aerodactyl,いわ,ひこう,80,105,65,60,75,130,いしあたま,プレッシャー,*きんちょうかん
144,202,,,フリーザー,通常,フリーザー(通常),Articuno,こおり,ひこう,90,85,100,95,125,85,プレッシャー,,*ゆきがくれ
144,202,,,フリーザー,ガラルのすがた,フリーザー(ガラルのすがた),Articuno,エスパー,ひこう,90,85,85,125,100,95,かちき,,
145,203,,,サンダー,通常,サンダー(通常),Zapdos,でんき,ひこう,90,90,85,125,90,100,プレッシャー,,*せいでんき
145,203,,,サンダー,ガラルのすがた,サンダー(ガラルのすがた),Zapdos,かくとう,ひこう,90,125,90,85,90,100,まけんき,,
146,204,,,ファイヤー,通常,ファイヤー(通常),Moltres,ほのお,ひこう,90,100,90,125,85,90,プレッシャー,,*ほのおのからだ
146,204,,,ファイヤー,ガラルのすがた,ファイヤー(ガラルのすがた),Moltres,あく,ひこう,90,85,90,100,125,90,ぎゃくじょう,,
147,194,,,ミニリュウ,,ミニリュウ,Dratini,ドラゴン,,41,64,45,50,50,50,だっぴ,,*ふしぎなうろこ
148,195,,,ハクリュー,,ハクリュー,Dragonair,ドラゴン,,61,84,65,70,70,70,だっぴ,,*ふしぎなうろこ
149,196,,,カイリュー,,カイリュー,Dragonite,ドラゴン,ひこう,91,134,95,100,100,80,せいしんりょく,,*マルチスケイル
150,,,,ミュウツー,,ミュウツー,Mewtwo,エスパー,,106,110,90,154,90,130,プレッシャー,,*きんちょうかん
151,,,,ミュウ,,ミュウ,Mew,エスパー,,100,100,100,100,100,100,シンクロ,,
152,,,,チコリータ,,チコリータ,Chikorita,くさ,,45,49,65,49,65,45,しんりょく,,*リーフガード
153,,,,ベイリーフ,,ベイリーフ,Bayleef,くさ,,60,62,80,63,80,60,しんりょく,,*リーフガード
154,,,,メガニウム,,メガニウム,Meganium,くさ,,80,82,100,83,100,80,しんりょく,,*リーフガード
155,,,,ヒノアラシ,,ヒノアラシ,Cyndaquil,ほのお,,39,52,43,60,50,65,もうか,,*もらいび
156,,,,マグマラシ,,マグマラシ,Quilava,ほのお,,58,64,58,80,65,80,もうか,,*もらいび
157,,,,バクフーン,,バクフーン,Typhlosion,ほのお,,78,84,78,109,85,100,もうか,,*もらいび
158,,,,ワニノコ,,ワニノコ,Totodile,みず,,50,65,64,44,48,43,げきりゅう,,*ちからずく
159,,,,アリゲイツ,,アリゲイツ,Croconaw,みず,,65,80,80,59,63,58,げきりゅう,,*ちからずく
160,,,,オーダイル,,オーダイル,Feraligatr,みず,,85,105,100,79,83,78,げきりゅう,,*ちからずく
161,,,,オタチ,,オタチ,Sentret,ノーマル,,35,46,34,35,45,20,にげあし,するどいめ,*おみとおし
162,,,,オオタチ,,オオタチ,Furret,ノーマル,,85,76,64,45,55,90,にげあし,するどいめ,*おみとおし
165,20,20,,レディバ,,レディバ,Ledyba,むし,ひこう,40,20,30,40,80,55,むしのしらせ,はやおき,*びびり
166,21,21,,レディアン,,レディアン,Ledian,むし,ひこう,55,35,50,55,110,85,むしのしらせ,はやおき,*てつのこぶし
167,22,22,,イトマル,,イトマル,Spinarak,むし,どく,40,60,40,40,40,30,むしのしらせ,ふみん,*スナイパー
168,23,23,,アリアドス,,アリアドス,Ariados,むし,どく,70,90,70,60,70(第6世代は60),40,むしのしらせ,ふみん,*スナイパー
169,146,,,クロバット,,クロバット,Crobat,どく,ひこう,85,90,80,70,80,130,せいしんりょく,,*すりぬけ
174,11,,,ププリン,,ププリン,Igglybuff,ノーマル,フェアリー,90,30,15,40,20,15,メロメロボディ,かちき,*フレンドガード
179,162,,,メリープ,,メリープ,Mareep,でんき,,55,40,40,65,45,35,せいでんき,,*プラス
180,163,,,モココ,,モココ,Flaaffy,でんき,,70,55,55,80,60,45,せいでんき,,*プラス
181,164,,,デンリュウ,,デンリュウ,Ampharos,でんき,,90,75,85,115,90,55,せいでんき,,*プラス
183,140,,,マリル,,マリル,Marill,みず,フェアリー,70,20,50,20,50,40,あついしぼう,ちからもち,*そうしょく
184,141,,,マリルリ,,マリルリ,Azumarill,みず,フェアリー,100,50,80,60,80,50,あついしぼう,ちからもち,*そうしょく
186,145,,,ニョロトノ,,ニョロトノ,Politoed,みず,,90,75,75,90,100,70,ちょすい,しめりけ,*あめふらし
187,,,,ハネッコ,,ハネッコ,Hoppip,くさ,ひこう,35,35,40,35,55,50,ようりょくそ,リーフガード,*すりぬけ
188,,,,ポポッコ,,ポポッコ,Skiploom,くさ,ひこう,55,45,50,45,65,80,ようりょくそ,リーフガード,*すりぬけ
189,,,,ワタッコ,,ワタッコ,Jumpluff,くさ,ひこう,75,55,70,55,95,110,ようりょくそ,リーフガード,*すりぬけ
190,368,,,エイパム,,エイパム,Aipom,ノーマル,,55,70,55,40,55,85,にげあし,ものひろい,*スキルリンク
191,,,,ヒマナッツ,,ヒマナッツ,Sunkern,くさ,,30,30,30,30,30,30,ようりょくそ,サンパワー,*はやおき
192,,,,キマワリ,,キマワリ,Sunflora,くさ,,75,75,55,105,85,30,ようりょくそ,サンパワー,*はやおき
193,,,,ヤンヤンマ,,ヤンヤンマ,Yanma,むし,ひこう,65,65,45,75,45,95,かそく,ふくがん,*おみとおし
198,78,277,,ヤミカラス,,ヤミカラス,Murkrow,あく,ひこう,60,85,42,85,42,91,ふみん,きょううん,*いたずらごころ
199,3,,,ヤドキング,通常,ヤドキング(通常),Slowking,みず,エスパー,95,75,80,100,110,30,どんかん,マイペース,*さいせいりょく
199,3,,,ヤドキング,ガラルのすがた,ヤドキング(ガラルのすがた),Slowking,どく,エスパー,95,65,80,110,110,30,きみょうなくすり,マイペース,*さいせいりょく
200,372,66,,ムウマ,,ムウマ,Misdreavus,ゴースト,,60,60,60,85,85,85,ふゆう,,
201,,,,アンノーン,,アンノーン,Unown,エスパー,,48,72,48,72,48,48,ふゆう,,
203,,,,キリンリキ,,キリンリキ,Girafarig,ノーマル,エスパー,70,80,65,90,65,85,せいしんりょく,はやおき,*そうしょく
204,268,,,クヌギダマ,,クヌギダマ,Pineco,むし,,50,65,90,35,35,15,がんじょう,,*ぼうじん
205,269,,,フォレトス,,フォレトス,Forretress,むし,はがね,75,90,140,60,60,40,がんじょう,,*ぼうじん
206,52,,,ノコッチ,,ノコッチ,Dunsparce,ノーマル,,100,70,70,65,65,45,てんのめぐみ,にげあし,*びびり
207,,,,グライガー,,グライガー,Gligar,じめん,ひこう,65,75,105,35,65,85,かいりきバサミ,すながくれ,*めんえき
209,339,258,,ブルー,,ブルー,Snubbull,フェアリー,,60,80,50,40,40,30,いかく,にげあし,*びびり
210,340,259,,グランブル,,グランブル,Granbull,フェアリー,,90,120,75,60,60,45,いかく,はやあし,*びびり
212,119,,,ハッサム,,ハッサム,Scizor,むし,はがね,70,130,100,55,80,65,むしのしらせ,テクニシャン,*ライトメタル
214,121,,,ヘラクロス,,ヘラクロス,Heracross,むし,かくとう,80,125,75,40,95,85,むしのしらせ,こんじょう,*じしんかじょう
216,,,,ヒメグマ,,ヒメグマ,Teddiursa,ノーマル,,60,80,50,50,50,40,ものひろい,はやあし,*みつあつめ
217,,,,リングマ,,リングマ,Ursaring,ノーマル,,90,130,75,75,75,55,こんじょう,はやあし,*きんちょうかん
218,,,,マグマッグ,,マグマッグ,Slugma,ほのお,,40,40,40,70,40,20,マグマのよろい,ほのおのからだ,*くだけるよろい
219,,,,マグカルゴ,,マグカルゴ,Magcargo,ほのお,いわ,60(第6世代は50),50,120,90(第6世代は80),80,30,マグマのよろい,ほのおのからだ,*くだけるよろい
227,153,,,エアームド,,エアームド,Skarmory,はがね,ひこう,65,80,140,40,70,70,するどいめ,がんじょう,*くだけるよろい
228,289,,,デルビル,,デルビル,Houndour,あく,ほのお,45,60,30,80,50,65,はやおき,もらいび,*きんちょうかん
229,290,,,ヘルガー,,ヘルガー,Houndoom,あく,ほのお,75,90,50,110,80,95,はやおき,もらいび,*きんちょうかん
230,200,,,キングドラ,,キングドラ,Kingdra,みず,ドラゴン,75,95,95,95,95,85,すいすい,スナイパー,*しめりけ
231,,,,ゴマゾウ,,ゴマゾウ,Phanpy,じめん,,90,60,60,40,40,40,ものひろい,,*すながくれ
232,,,,ドンファン,,ドンファン,Donphan,じめん,,90,120,120,60,60,50,がんじょう,,*すながくれ
233,209,,,ポリゴン2,,ポリゴン2,Porygon2,ノーマル,,85,80,90,105,95,60,トレース,ダウンロード,*アナライズ
234,,,,オドシシ,,オドシシ,Stantler,ノーマル,,73,95,62,85,65,85,いかく,おみとおし,*そうしょく
235,70,58,,ドーブル,,ドーブル,Smeargle,ノーマル,,55,20,35,20,45,75,マイペース,テクニシャン,*ムラっけ
238,13,,,ムチュール,,ムチュール,Smoochum,こおり,エスパー,45,30,15,85,65,65,どんかん,よちむ,*うるおいボディ
239,15,,,エレキッド,,エレキッド,Elekid,でんき,,45,63,37,65,55,95,せいでんき,,*やるき
240,18,,,ブビィ,,ブビィ,Magby,ほのお,,45,75,37,70,55,83,ほのおのからだ,,*やるき
241,117,,,ミルタンク,,ミルタンク,Miltank,ノーマル,,95,80,105,40,70,100,あついしぼう,きもったま,*そうしょく
242,8,,,ハピナス,,ハピナス,Blissey,ノーマル,,255,10,10,75,135,55,しぜんかいふく,てんのめぐみ,*いやしのこころ
243,,,,ライコウ,,ライコウ,Raikou,でんき,,90,85,75,115,100,115,プレッシャー,,*せいしんりょく
244,,,,エンテイ,,エンテイ,Entei,ほのお,,115,115,85,90,75,100,プレッシャー,,*せいしんりょく
245,,,,スイクン,,スイクン,Suicune,みず,,100,75,115,90,115,85,プレッシャー,,*せいしんりょく
249,,,,ルギア,,ルギア,Lugia,エスパー,ひこう,106,90,130,90,154,110,プレッシャー,,*マルチスケイル
250,,,,ホウオウ,,ホウオウ,Ho-Oh,ほのお,ひこう,106,130,90,110,154,90,プレッシャー,,*さいせいりょく
251,,,,セレビィ,,セレビィ,Celebi,エスパー,くさ,100,100,100,100,100,100,しぜんかいふく,,
252,,,,キモリ,,キモリ,Treecko,くさ,,40,45,35,65,55,70,しんりょく,,*かるわざ
253,,,,ジュプトル,,ジュプトル,Grovyle,くさ,,50,65,45,85,65,95,しんりょく,,*かるわざ
254,,,,ジュカイン,,ジュカイン,Sceptile,くさ,,70,85,65,105,85,120,しんりょく,,*かるわざ
255,,,,アチャモ,,アチャモ,Torchic,ほのお,,45,60,40,70,50,45,もうか,,*かそく
256,,,,ワカシャモ,,ワカシャモ,Combusken,ほのお,かくとう,60,85,60,85,60,55,もうか,,*かそく
257,,,,バシャーモ,,バシャーモ,Blaziken,ほのお,かくとう,80,120,70,110,70,80,もうか,,*かそく
258,,,,ミズゴロウ,,ミズゴロウ,Mudkip,みず,,50,70,50,50,50,40,げきりゅう,,*しめりけ
259,,,,ヌマクロー,,ヌマクロー,Marshtomp,みず,じめん,70,85,70,60,70,50,げきりゅう,,*しめりけ
260,,,,ラグラージ,,ラグラージ,Swampert,みず,じめん,100,110,90,85,90,60,げきりゅう,,*しめりけ
261,,,,ポチエナ,,ポチエナ,Poochyena,あく,,35,55,35,30,30,35,にげあし,はやあし,*びびり
262,,,,グラエナ,,グラエナ,Mightyena,あく,,70,90,70,60,60,70,いかく,はやあし,*じしんかじょう
263,71,,,ジグザグマ,通常,ジグザグマ(通常),Zigzagoon,ノーマル,,38,30,41,30,41,60,ものひろい,くいしんぼう,*はやあし
264,72,,,マッスグマ,通常,マッスグマ(通常),Linoone,ノーマル,,78,70,61,50,61,100,ものひろい,くいしんぼう,*はやあし
265,,,,ケムッソ,,ケムッソ,Wurmple,むし,,45,45,35,20,30,20,りんぷん,,*にげあし
266,,,,カラサリス,,カラサリス,Silcoon,むし,,50,35,55,25,25,15,だっぴ,,
267,,,,アゲハント,,アゲハント,Beautifly,むし,ひこう,60,70,50,100,50,65,むしのしらせ,,*とうそうしん
268,,,,マユルド,,マユルド,Cascoon,むし,,50,35,55,25,25,15,だっぴ,,
269,,,,ドクケイル,,ドクケイル,Dustox,むし,どく,60,50,70,50,90,65,りんぷん,,*ふくがん
276,,,,スバメ,,スバメ,Taillow,ノーマル,ひこう,40,55,30,30,30,85,こんじょう,,*きもったま
277,,,,オオスバメ,,オオスバメ,Swellow,ノーマル,ひこう,60,85,60,75(第6世代は50),50,125,こんじょう,,*きもったま
283,172,139,,アメタマ,,アメタマ,Surskit,むし,みず,40,30,32,50,52,65,すいすい,,*あめうけざら
284,173,140,,アメモース,,アメモース,Masquerain,むし,ひこう,70,60,62,100(第6世代は80),82,80(第6世代は60),いかく,,*きんちょうかん
285,,,,キノココ,,キノココ,Shroomish,くさ,,60,40,60,40,60,35,ほうし,ポイズンヒール,*はやあし
286,,,,キノガッサ,,キノガッサ,Breloom,くさ,かくとう,60,130,80,60,60,70,ほうし,ポイズンヒール,*テクニシャン
287,,,,ナマケロ,,ナマケロ,Slakoth,ノーマル,,60,60,60,35,35,30,なまけ,,
288,,,,ヤルキモノ,,ヤルキモノ,Vigoroth,ノーマル,,80,80,80,55,55,90,やるき,,
289,,,,ケッキング,,ケッキング,Slaking,ノーマル,,150,160,100,95,65,100,なまけ,,
293,148,,,ゴニョニョ,,ゴニョニョ,Whismur,ノーマル,,64,51,23,51,23,28,ぼうおん,,*びびり
294,149,,,ドゴーム,,ドゴーム,Loudred,ノーマル,,84,71,43,71,43,48,ぼうおん,,*きもったま
295,150,,,バクオング,,バクオング,Exploud,ノーマル,,104,91,63,91,73,68,ぼうおん,,*きもったま
296,68,56,,マクノシタ,,マクノシタ,Makuhita,かくとう,,72,60,30,20,30,25,あついしぼう,こんじょう,*ちからずく
297,69,57,,ハリテヤマ,,ハリテヤマ,Hariyama,かくとう,,144,120,60,40,60,50,あついしぼう,こんじょう,*ちからずく
298,139,,,ルリリ,,ルリリ,Azurill,ノーマル,フェアリー,50,20,40,20,40,20,あついしぼう,ちからもち,*そうしょく
299,254,198,,ノズパス,,ノズパス,Nosepass,いわ,,30,45,135,45,90,30,がんじょう,じりょく,*すなのちから
300,,,,エネコ,,エネコ,Skitty,ノーマル,,50,45,45,35,35,50,メロメロボディ,ノーマルスキン,*ミラクルスキン
301,,,,エネコロロ,,エネコロロ,Delcatty,ノーマル,,70,65,65,55,55,90(第6世代は70),メロメロボディ,ノーマルスキン,*ミラクルスキン
304,191,,,ココドラ,,ココドラ,Aron,はがね,いわ,50,70,100,40,40,30,がんじょう,いしあたま,*ヘヴィメタル
305,192,,,コドラ,,コドラ,Lairon,はがね,いわ,60,90,140,50,50,40,がんじょう,いしあたま,*ヘヴィメタル
306,193,,,ボスゴドラ,,ボスゴドラ,Aggron,はがね,いわ,70,110,180,60,60,50,がんじょう,いしあたま,*ヘヴィメタル
307,,,,アサナン,,アサナン,Meditite,かくとう,エスパー,30,40,55,40,55,60,ヨガパワー,,*テレパシー
308,,,,チャーレム,,チャーレム,Medicham,かくとう,エスパー,60,60,75,60,75,80,ヨガパワー,,*テレパシー
311,,,,プラスル,,プラスル,Plusle,でんき,,60,50,40,85,75,95,プラス,,*ひらいしん
312,,,,マイナン,,マイナン,Minun,でんき,,60,40,50,75,85,95,マイナス,,*ちくでん
313,,,,バルビート,,バルビート,Volbeat,むし,,65,73,75(第6世代は55),47,85(第6世代は75),85,はっこう,むしのしらせ,*いたずらごころ
314,,,,イルミーゼ,,イルミーゼ,Illumise,むし,,65,47,75(第6世代は55),73,85(第6世代は75),85,どんかん,いろめがね,*いたずらごころ
316,,,,ゴクリン,,ゴクリン,Gulpin,どく,,70,43,53,43,53,40,ヘドロえき,ねんちゃく,*くいしんぼう
317,,,,マルノーム,,マルノーム,Swalot,どく,,100,73,83,73,83,55,ヘドロえき,ねんちゃく,*くいしんぼう
318,111,,,キバニア,,キバニア,Carvanha,みず,あく,45,90,20,65,20,65,さめはだ,,*かそく
319,112,,,サメハダー,,サメハダー,Sharpedo,みず,あく,70,120,40,95,40,95,さめはだ,,*かそく
322,,,,ドンメル,,ドンメル,Numel,ほのお,じめん,60,60,40,65,45,35,どんかん,たんじゅん,*マイペース
323,,,,バクーダ,,バクーダ,Camerupt,ほのお,じめん,70,100,70,105,75,40,マグマのよろい,ハードロック,*いかりのつぼ
325,,,,バネブー,,バネブー,Spoink,エスパー,,60,25,35,70,80,60,あついしぼう,マイペース,*くいしんぼう
326,,,,ブーピッグ,,ブーピッグ,Grumpig,エスパー,,80,45,65,90,110,80,あついしぼう,マイペース,*くいしんぼう
327,128,105,,パッチール,,パッチール,Spinda,ノーマル,,60,60,60,60,60,60,マイペース,ちどりあし,*あまのじゃく
331,,,,サボネア,,サボネア,Cacnea,くさ,,50,85,40,85,40,35,すながくれ,,*ちょすい
332,,,,ノクタス,,ノクタス,Cacturne,くさ,あく,70,115,60,115,60,55,すながくれ,,*ちょすい
333,35,,,チルット,,チルット,Swablu,ノーマル,ひこう,45,40,60,40,75,50,しぜんかいふく,,*ノーてんき
334,36,,,チルタリス,,チルタリス,Altaria,ドラゴン,ひこう,75,70,90,70,105,80,しぜんかいふく,,*ノーてんき
335,,,,ザングース,,ザングース,Zangoose,ノーマル,,73,115,60,60,60,90,めんえき,,*どくぼうそう
336,,,,ハブネーク,,ハブネーク,Seviper,どく,,73,100,60,100,60,65,だっぴ,,*すりぬけ
345,183,,,リリーラ,,リリーラ,Lileep,いわ,くさ,66,41,77,61,87,23,きゅうばん,,*よびみず
346,184,,,ユレイドル,,ユレイドル,Cradily,いわ,くさ,86,81,97,81,107,43,きゅうばん,,*よびみず
347,185,,,アノプス,,アノプス,Anorith,いわ,むし,45,95,50,40,50,75,カブトアーマー,,*すいすい
348,186,,,アーマルド,,アーマルド,Armaldo,いわ,むし,75,125,100,70,80,45,カブトアーマー,,*すいすい
351,220,181,,ポワルン,,ポワルン,Castform,ノーマル,,70,70,70,70,70,70,てんきや,,
352,214,,,カクレオン,,カクレオン,Kecleon,ノーマル,,60,90,70,60,120,40,へんしょく,,*へんげんじざい
353,316,,,カゲボウズ,,カゲボウズ,Shuppet,ゴースト,,44,75,35,63,33,45,ふみん,おみとおし,*のろわれボディ
354,317,,,ジュペッタ,,ジュペッタ,Banette,ゴースト,,64,115,65,83,63,65,ふみん,おみとおし,*のろわれボディ
357,354,,,トロピウス,,トロピウス,Tropius,くさ,ひこう,99,68,83,72,87,51,ようりょくそ,サンパワー,*しゅうかく
358,,,,チリーン,,チリーン,Chimecho,エスパー,,75(第6世代は65),50,80(第6世代は70),95,90(第6世代は80),65,ふゆう,,
359,107,,,アブソル,,アブソル,Absol,あく,,65,130,60,75,60,75,プレッシャー,きょううん,*せいぎのこころ
363,159,,,タマザラシ,,タマザラシ,Spheal,こおり,みず,70,40,50,55,50,25,あついしぼう,アイスボディ,*どんかん
364,160,,,トドグラー,,トドグラー,Sealeo,こおり,みず,90,60,70,75,70,45,あついしぼう,アイスボディ,*どんかん
365,161,,,トドゼルガ,,トドゼルガ,Walrein,こおり,みず,110,80,90,95,90,65,あついしぼう,アイスボディ,*どんかん
366,140,,,パールル,,パールル,Clamperl,みず,,35,64,85,74,55,32,シェルアーマー,,*びびり
367,141,,,ハンテール,,ハンテール,Huntail,みず,,55,104,105,94,75,52,すいすい,,*みずのベール
368,142,,,サクラビス,,サクラビス,Gorebyss,みず,,55,84,105,114,75,52,すいすい,,*うるおいボディ
369,187,,,ジーランス,,ジーランス,Relicanth,みず,いわ,100,90,130,45,65,55,すいすい,いしあたま,*がんじょう
370,134,111,,ラブカス,,ラブカス,Luvdisc,みず,,43,30,55,40,65,97,すいすい,,*うるおいボディ
371,113,,,タツベイ,,タツベイ,Bagon,ドラゴン,,45,75,60,40,30,50,いしあたま,,*ちからずく
372,114,,,コモルー,,コモルー,Shelgon,ドラゴン,,65,95,100,60,50,50,いしあたま,,*ぼうじん
373,115,,,ボーマンダ,,ボーマンダ,Salamence,ドラゴン,ひこう,95,135,80,110,80,100,いかく,,*じしんかじょう
374,129,,,ダンバル,,ダンバル,Beldum,はがね,エスパー,40,55,80,35,60,30,クリアボディ,,*ライトメタル
375,130,,,メタング,,メタング,Metang,はがね,エスパー,60,75,100,55,80,50,クリアボディ,,*ライトメタル
376,131,,,メタグロス,,メタグロス,Metagross,はがね,エスパー,80,135,130,95,90,70,クリアボディ,,*ライトメタル
377,197,,,レジロック,,レジロック,Regirock,いわ,,80,100,200,50,100,50,クリアボディ,,*がんじょう
378,198,,,レジアイス,,レジアイス,Regice,こおり,,80,50,100,100,200,50,クリアボディ,,*アイスボディ
379,199,,,レジスチル,,レジスチル,Registeel,はがね,,80,75,150,75,150,50,クリアボディ,,*ライトメタル
380,,,,ラティアス,,ラティアス,Latias,ドラゴン,エスパー,80,80,90,110,130,110,ふゆう,,
381,,,,ラティオス,,ラティオス,Latios,ドラゴン,エスパー,80,90,80,130,110,110,ふゆう,,
382,,,,カイオーガ,,カイオーガ,Kyogre,みず,,100,100,90,150,140,90,あめふらし,,
383,,,,グラードン,,グラードン,Groudon,じめん,,100,150,140,100,90,90,ひでり,,
384,,,,レックウザ,,レックウザ,Rayquaza,ドラゴン,ひこう,105,150,90,150,90,95,エアロック,,
385,,,,ジラーチ,,ジラーチ,Jirachi,はがね,エスパー,100,100,100,100,100,100,てんのめぐみ,,
386,,,,デオキシス,ノーマルフォルム,デオキシス(ノーマルフォルム),Deoxys,エスパー,,50,150,50,150,50,150,プレッシャー,,
386,,,,デオキシス,アタックフォルム,デオキシス(アタックフォルム),Deoxys,エスパー,,50,180,20,180,20,150,プレッシャー,,
386,,,,デオキシス,ディフェンスフォルム,デオキシス(ディフェンスフォルム),Deoxys,エスパー,,50,70,160,70,160,90,プレッシャー,,
386,,,,デオキシス,スピードフォルム,デオキシス(スピードフォルム),Deoxys,エスパー,,50,95,90,95,90,180,プレッシャー,,
387,,,,ナエトル,,ナエトル,Turtwig,くさ,,55,68,64,45,55,31,しんりょく,,*シェルアーマー
388,,,,ハヤシガメ,,ハヤシガメ,Grotle,くさ,,75,89,85,55,65,36,しんりょく,,*シェルアーマー
389,,,,ドダイトス,,ドダイトス,Torterra,くさ,じめん,95,109,105,75,85,56,しんりょく,,*シェルアーマー
390,,,,ヒコザル,,ヒコザル,Chimchar,ほのお,,44,58,44,58,44,61,もうか,,*てつのこぶし
391,,,,モウカザル,,モウカザル,Monferno,ほのお,かくとう,64,78,52,78,52,81,もうか,,*てつのこぶし
392,,,,ゴウカザル,,ゴウカザル,Infernape,ほのお,かくとう,76,104,71,104,71,108,もうか,,*てつのこぶし
393,,,,ポッチャマ,,ポッチャマ,Piplup,みず,,53,51,53,61,56,40,げきりゅう,,*まけんき
394,,,,ポッタイシ,,ポッタイシ,Prinplup,みず,,64,66,68,81,76,50,げきりゅう,,*まけんき
395,,,,エンペルト,,エンペルト,Empoleon,みず,はがね,84,86,88,111,101,60,げきりゅう,,*まけんき
396,,,,ムックル,,ムックル,Starly,ノーマル,ひこう,40,55,30,30,30,60,するどいめ,,*すてみ
397,,,,ムクバード,,ムクバード,Staravia,ノーマル,ひこう,55,75,50,40,40,80,いかく,,*すてみ
398,,,,ムクホーク,,ムクホーク,Staraptor,ノーマル,ひこう,85,120,70,50,60,100,いかく,,*すてみ
399,,,,ビッパ,,ビッパ,Bidoof,ノーマル,,59,45,40,35,40,31,たんじゅん,てんねん,*ムラっけ
400,,,,ビーダル,,ビーダル,Bibarel,ノーマル,みず,79,85,60,55,60,71,たんじゅん,てんねん,*ムラっけ
401,,,,コロボーシ,,コロボーシ,Kricketot,むし,,37,25,41,25,41,25,だっぴ,,*にげあし
402,,,,コロトック,,コロトック,Kricketune,むし,,77,85,51,55,51,65,むしのしらせ,,*テクニシャン
403,25,,,コリンク,,コリンク,Shinx,でんき,,45,65,34,40,34,45,とうそうしん,いかく,*こんじょう
404,26,,,ルクシオ,,ルクシオ,Luxio,でんき,,60,85,49,60,49,60,とうそうしん,いかく,*こんじょう
405,27,,,レントラー,,レントラー,Luxray,でんき,,80,120,79,95,79,70,とうそうしん,いかく,*こんじょう
408,235,188,,ズガイドス,,ズガイドス,Cranidos,いわ,,67,125,40,30,30,58,かたやぶり,,*ちからずく
409,236,189,,ラムパルド,,ラムパルド,Rampardos,いわ,,97,165,60,65,50,58,かたやぶり,,*ちからずく
410,237,190,,タテトプス,,タテトプス,Shieldon,いわ,はがね,30,42,118,42,88,30,がんじょう,,*ぼうおん
411,238,191,,トリデプス,,トリデプス,Bastiodon,いわ,はがね,60,52,168,47,138,30,がんじょう,,*ぼうおん
412,,,,ミノムッチ,,ミノムッチ,Burmy,むし,,40,29,45,29,45,36,だっぴ,,*ぼうじん
413,,,,ミノマダム,くさきのミノ,ミノマダム(くさきのミノ),Wormadam,むし,くさ,60,59,85,79,105,36,きけんよち,,*ぼうじん
413,,,,ミノマダム,すなちのミノ,ミノマダム(すなちのミノ),Wormadam,むし,じめん,60,79,105,59,85,36,きけんよち,,*ぼうじん
413,,,,ミノマダム,ゴミのミノ,ミノマダム(ゴミのミノ),Wormadam,むし,はがね,60,69,95,69,95,36,きけんよち,,*ぼうじん
414,,,,ガーメイル,,ガーメイル,Mothim,むし,ひこう,70,94,50,94,50,66,むしのしらせ,,*いろめがね
417,,,,パチリス,,パチリス,Pachirisu,でんき,,60,45,70,45,90,95,にげあし,ものひろい,*ちくでん
418,,,,ブイゼル,,ブイゼル,Buizel,みず,,55,65,35,60,30,85,すいすい,,*みずのベール
419,,,,フローゼル,,フローゼル,Floatzel,みず,,85,105,55,85,50,115,すいすい,,*みずのベール
424,369,,,エテボース,,エテボース,Ambipom,ノーマル,,75,100,66,60,66,115,テクニシャン,ものひろい,*スキルリンク
427,4,,,ミミロル,,ミミロル,Buneary,ノーマル,,55,66,44,44,56,85,にげあし,ぶきよう,*じゅうなん
428,5,,,ミミロップ,,ミミロップ,Lopunny,ノーマル,,65,76,84,54,96,105,メロメロボディ,ぶきよう,*じゅうなん
429,373,67,,ムウマージ,,ムウマージ,Mismagius,ゴースト,,60,60,60,105,105,105,ふゆう,,
430,79,278,,ドンカラス,,ドンカラス,Honchkrow,あく,ひこう,100,125,52,105,52,71,ふみん,きょううん,*じしんかじょう
431,,,,ニャルマー,,ニャルマー,Glameow,ノーマル,,49,55,42,42,37,85,じゅうなん,マイペース,*するどいめ
432,,,,ブニャット,,ブニャット,Purugly,ノーマル,,71,82,64,64,59,112,あついしぼう,マイペース,*まけんき
433,,,,リーシャン,,リーシャン,Chingling,エスパー,,45,30,50,65,50,45,ふゆう,,
440,6,,,ピンプク,,ピンプク,Happiny,ノーマル,,100,5,5,15,65,30,しぜんかいふく,てんのめぐみ,*フレンドガード
441,,,,ペラップ,,ペラップ,Chatot,ノーマル,ひこう,76,65,45,92,42,91,するどいめ,ちどりあし,*はとむね
442,47,,,ミカルゲ,,ミカルゲ,Spiritomb,ゴースト,あく,50,92,108,92,108,35,プレッシャー,,*すりぬけ
443,116,,,フカマル,,フカマル,Gible,ドラゴン,じめん,58,70,45,40,45,42,すながくれ,,*さめはだ
444,117,,,ガバイト,,ガバイト,Gabite,ドラゴン,じめん,68,90,65,50,55,82,すながくれ,,*さめはだ
445,118,,,ガブリアス,,ガブリアス,Garchomp,ドラゴン,じめん,108,130,95,80,85,102,すながくれ,,*さめはだ
455,,,,マスキッパ,,マスキッパ,Carnivine,くさ,,74,100,72,90,72,46,ふゆう,,
456,131,108,,ケイコウオ,,ケイコウオ,Finneon,みず,,49,49,56,49,61,66,すいすい,よびみず,*みずのベール
457,132,109,,ネオラント,,ネオラント,Lumineon,みず,,69,69,76,69,86,91,すいすい,よびみず,*みずのベール
462,107,,,ジバコイル,,ジバコイル,Magnezone,でんき,はがね,70,70,115,130,90,60,じりょく,がんじょう,*アナライズ
463,55,,,ベロベルト,,ベロベルト,Lickilicky,ノーマル,,110,85,95,80,95,50,マイペース,どんかん,*ノーてんき
465,81,,,モジャンボ,,モジャンボ,Tangrowth,くさ,,100,100,125,110,50,50,ようりょくそ,リーフガード,*さいせいりょく
466,17,,,エレキブル,,エレキブル,Electivire,でんき,,75,123,67,95,85,95,でんきエンジン,,*やるき
467,20,,,ブーバーン,,ブーバーン,Magmortar,ほのお,,75,95,67,125,95,83,ほのおのからだ,,*やるき
472,,,,グライオン,,グライオン,Gliscor,じめん,ひこう,75,95,125,45,75,95,かいりきバサミ,すながくれ,*ポイズンヒール
474,210,,,ポリゴンZ,,ポリゴンZ,Porygon-Z,ノーマル,,85,80,70,135,75,90,てきおうりょく,ダウンロード,*アナライズ
476,255,199,,ダイノーズ,,ダイノーズ,Probopass,いわ,はがね,60,55,145,75,150,40,がんじょう,じりょく,*すなのちから
480,,,,ユクシー,,ユクシー,Uxie,エスパー,,75,75,130,75,130,95,ふゆう,,
481,,,,エムリット,,エムリット,Mesprit,エスパー,,80,105,105,105,105,80,ふゆう,,
482,,,,アグノム,,アグノム,Azelf,エスパー,,75,125,70,125,70,115,ふゆう,,
483,,,,ディアルガ,,ディアルガ,Dialga,はがね,ドラゴン,100,120,120,150,100,90,プレッシャー,,*テレパシー
484,,,,パルキア,,パルキア,Palkia,みず,ドラゴン,90,120,100,150,120,100,プレッシャー,,*テレパシー
485,,,,ヒードラン,,ヒードラン,Heatran,ほのお,はがね,91,90,106,130,106,77,もらいび,,*ほのおのからだ
486,,,,レジギガス,,レジギガス,Regigigas,ノーマル,,110,160,110,80,110,100,スロースタート,,
487,,,,ギラティナ,アナザーフォルム,ギラティナ(アナザーフォルム),Giratina,ゴースト,ドラゴン,150,100,120,100,120,90,プレッシャー,,*テレパシー
487,,,,ギラティナ,オリジンフォルム,ギラティナ(オリジンフォルム),Giratina,ゴースト,ドラゴン,150,120,100,120,100,90,ふゆう,,
488,,,,クレセリア,,クレセリア,Cresselia,エスパー,,120,70,120,75,130,85,ふゆう,,
489,,,,フィオネ,,フィオネ,Phione,みず,,80,80,80,80,80,80,うるおいボディ,,
490,,,,マナフィ,,マナフィ,Manaphy,みず,,100,100,100,100,100,100,うるおいボディ,,
491,,,,ダークライ,,ダークライ,Darkrai,あく,,70,90,90,135,90,125,ナイトメア,,
492,,,,シェイミ,ランドフォルム,シェイミ(ランドフォルム),Shaymin,くさ,,100,100,100,100,100,100,しぜんかいふく,,
492,,,,シェイミ,スカイフォルム,シェイミ(スカイフォルム),Shaymin,くさ,ひこう,100,103,75,120,75,127,てんのめぐみ,,
493,,,,アルセウス,,アルセウス,Arceus,ノーマル,,120,120,120,120,120,120,マルチタイプ,,
494,,,,ビクティニ,,ビクティニ,Victini,エスパー,ほのお,100,100,100,100,100,100,しょうりのほし,,
495,,,,ツタージャ,,ツタージャ,Snivy,くさ,,45,45,55,45,55,63,しんりょく,,*あまのじゃく
496,,,,ジャノビー,,ジャノビー,Servine,くさ,,60,60,75,60,75,83,しんりょく,,*あまのじゃく
497,,,,ジャローダ,,ジャローダ,Serperior,くさ,,75,75,95,75,95,113,しんりょく,,*あまのじゃく
498,,,,ポカブ,,ポカブ,Tepig,ほのお,,65,63,45,45,45,45,もうか,,*あついしぼう
499,,,,チャオブー,,チャオブー,Pignite,ほのお,かくとう,90,93,55,70,55,55,もうか,,*あついしぼう
500,,,,エンブオー,,エンブオー,Emboar,ほのお,かくとう,110,123,65,100,65,65,もうか,,*すてみ
501,,,,ミジュマル,,ミジュマル,Oshawott,みず,,55,55,45,63,45,45,げきりゅう,,*シェルアーマー
502,,,,フタチマル,,フタチマル,Dewott,みず,,75,75,60,83,60,60,げきりゅう,,*シェルアーマー
503,,,,ダイケンキ,,ダイケンキ,Samurott,みず,,95,100,85,108,70,70,げきりゅう,,*シェルアーマー
504,,,,ミネズミ,,ミネズミ,Patrat,ノーマル,,45,55,39,35,39,42,にげあし,するどいめ,*アナライズ
505,,,,ミルホッグ,,ミルホッグ,Watchog,ノーマル,,60,85,69,60,69,77,はっこう,するどいめ,*アナライズ
506,113,,,ヨーテリー,,ヨーテリー,Lillipup,ノーマル,,45,60,45,25,45,55,やるき,ものひろい,*にげあし
507,114,,,ハーデリア,,ハーデリア,Herdier,ノーマル,,65,80,65,35,65,60,いかく,すなかき,*きもったま
508,115,,,ムーランド,,ムーランド,Stoutland,ノーマル,,85,110,90,45,90,80,いかく,すなかき,*きもったま
511,,,,ヤナップ,,ヤナップ,Pansage,くさ,,50,53,48,53,48,64,くいしんぼう,,*しんりょく
512,,,,ヤナッキー,,ヤナッキー,Simisage,くさ,,75,98,63,98,63,101,くいしんぼう,,*しんりょく
513,,,,バオップ,,バオップ,Pansear,ほのお,,50,53,48,53,48,64,くいしんぼう,,*もうか
514,,,,バオッキー,,バオッキー,Simisear,ほのお,,75,98,63,98,63,101,くいしんぼう,,*もうか
515,,,,ヒヤップ,,ヒヤップ,Panpour,みず,,50,53,48,53,48,64,くいしんぼう,,*げきりゅう
516,,,,ヒヤッキー,,ヒヤッキー,Simipour,みず,,75,98,63,98,63,101,くいしんぼう,,*げきりゅう
522,,,,シママ,,シママ,Blitzle,でんき,,45,60,32,50,32,76,ひらいしん,でんきエンジン,*そうしょく
523,,,,ゼブライカ,,ゼブライカ,Zebstrika,でんき,,75,100,63,80,63,116,ひらいしん,でんきエンジン,*そうしょく
531,21,,,タブンネ,,タブンネ,Audino,ノーマル,,103,60,86,60,86,50,いやしのこころ,さいせいりょく,*ぶきよう
540,,,,クルミル,,クルミル,Sewaddle,むし,くさ,45,53,70,40,60,42,むしのしらせ,ようりょくそ,*ぼうじん
541,,,,クルマユ,,クルマユ,Swadloon,むし,くさ,55,63,90,50,80,42,リーフガード,ようりょくそ,*ぼうじん
542,,,,ハハコモリ,,ハハコモリ,Leavanny,むし,くさ,75,103,80,70,80,92,むしのしらせ,ようりょくそ,*ぼうじん
543,74,,,フシデ,,フシデ,Venipede,むし,どく,30,45,59,30,39,57,どくのトゲ,むしのしらせ,*かそく
544,75,,,ホイーガ,,ホイーガ,Whirlipede,むし,どく,40,55,99,40,79,47,どくのトゲ,むしのしらせ,*かそく
545,76,,,ペンドラー,,ペンドラー,Scolipede,むし,どく,60,100,89,55,69,112,どくのトゲ,むしのしらせ,*かそく
548,201,,,チュリネ,,チュリネ,Petilil,くさ,,45,35,50,70,50,30,ようりょくそ,マイペース,*リーフガード
549,202,,,ドレディア,,ドレディア,Lilligant,くさ,,70,60,75,110,75,90,ようりょくそ,マイペース,*リーフガード
551,176,,,メグロコ,,メグロコ,Sandile,じめん,あく,50,72,35,35,35,65,いかく,じしんかじょう,*いかりのつぼ
552,177,,,ワルビル,,ワルビル,Krokorok,じめん,あく,60,82,45,45,45,74,いかく,じしんかじょう,*いかりのつぼ
553,178,,,ワルビアル,,ワルビアル,Krookodile,じめん,あく,95,117,80,65,70,92,いかく,じしんかじょう,*いかりのつぼ
554,103,,,ダルマッカ,通常,ダルマッカ(通常),Darumaka,ほのお,,70,90,45,15,45,50,はりきり,,*せいしんりょく
555,104,,,ヒヒダルマ,ノーマルモード,ヒヒダルマ(ノーマルモード),Darmanitan,ほのお,,105,140,55,30,55,95,ちからずく,,*ダルマモード
555,104,,,ヒヒダルマ,ダルマモード,ヒヒダルマ(ダルマモード),Darmanitan,ほのお,エスパー,105,30,105,140,105,55,ちからずく,,*ダルマモード
564,147,,,プロトーガ,,プロトーガ,Tirtouga,みず,いわ,54,78,103,53,45,22,ハードロック,がんじょう,*すいすい
565,148,,,アバゴーラ,,アバゴーラ,Carracosta,みず,いわ,74,108,133,83,65,32,ハードロック,がんじょう,*すいすい
566,149,,,アーケン,,アーケン,Archen,いわ,ひこう,55,112,45,74,45,70,よわき,,
567,150,,,アーケオス,,アーケオス,Archeops,いわ,ひこう,75,140,65,112,65,110,よわき,,
570,87,,,ゾロア,,ゾロア,Zorua,あく,,40,65,40,80,40,65,イリュージョン,,
571,88,,,ゾロアーク,,ゾロアーク,Zoroark,あく,,60,105,60,120,60,105,イリュージョン,,
580,,,,コアルヒー,,コアルヒー,Ducklett,みず,ひこう,62,44,50,44,50,55,するどいめ,はとむね,*うるおいボディ
581,,,,スワンナ,,スワンナ,Swanna,みず,ひこう,75,87,63,87,63,98,するどいめ,はとむね,*うるおいボディ
585,,,,シキジカ,,シキジカ,Deerling,ノーマル,くさ,60,60,50,40,50,75,ようりょくそ,そうしょく,*てんのめぐみ
586,,,,メブキジカ,,メブキジカ,Sawsbuck,ノーマル,くさ,80,100,70,60,70,95,ようりょくそ,そうしょく,*てんのめぐみ
587,102,,,エモンガ,,エモンガ,Emolga,でんき,ひこう,55,75,60,75,60,103,せいでんき,,*でんきエンジン
590,77,,,タマゲタケ,,タマゲタケ,Foongus,くさ,どく,69,55,45,55,55,15,ほうし,,*さいせいりょく
591,78,,,モロバレル,,モロバレル,Amoonguss,くさ,どく,114,85,70,85,80,30,ほうし,,*さいせいりょく
594,191,157,,ママンボウ,,ママンボウ,Alomomola,みず,,165,75,80,40,45,65,いやしのこころ,うるおいボディ,*さいせいりょく
602,,,,シビシラス,,シビシラス,Tynamo,でんき,,35,55,40,45,40,60,ふゆう,,
603,,,,シビビール,,シビビール,Eelektrik,でんき,,65,85,70,75,70,40,ふゆう,,
604,,,,シビルドン,,シビルドン,Eelektross,でんき,,85,115,80,105,80,50,ふゆう,,
615,30,,,フリージオ,,フリージオ,Cryogonal,こおり,,80,50,50,95,135,105,ふゆう,,
619,163,,,コジョフー,,コジョフー,Mienfoo,かくとう,,45,85,50,55,50,65,せいしんりょく,さいせいりょく,*すてみ
620,164,,,コジョンド,,コジョンド,Mienshao,かくとう,,65,125,60,95,60,105,せいしんりょく,さいせいりょく,*すてみ
621,63,119,,クリムガン,,クリムガン,Druddigon,ドラゴン,,77,120,90,60,90,48,さめはだ,ちからずく,*かたやぶり
626,53,,,バッフロン,,バッフロン,Bouffalant,ノーマル,,95,110,95,40,95,55,すてみ,そうしょく,*ぼうおん
636,186,,,メラルバ,,メラルバ,Larvesta,むし,ほのお,55,85,55,50,55,60,ほのおのからだ,,*むしのしらせ
637,187,,,ウルガモス,,ウルガモス,Volcarona,むし,ほのお,85,60,65,135,105,100,ほのおのからだ,,*むしのしらせ
638,205,,,コバルオン,,コバルオン,Cobalion,はがね,かくとう,91,90,129,90,72,108,せいぎのこころ,,
639,206,,,テラキオン,,テラキオン,Terrakion,いわ,かくとう,91,129,90,72,90,108,せいぎのこころ,,
640,207,,,ビリジオン,,ビリジオン,Virizion,くさ,かくとう,91,90,72,90,129,108,せいぎのこころ,,
641,,,,トルネロス,けしんフォルム,トルネロス(けしんフォルム),Tornadus,ひこう,,79,115,70,125,80,111,いたずらごころ,,*まけんき
641,,,,トルネロス,れいじゅうフォルム,トルネロス(れいじゅうフォルム),Tornadus,ひこう,,79,100,80,110,90,121,さいせいりょく,,
642,,,,ボルトロス,けしんフォルム,ボルトロス(けしんフォルム),Thundurus,でんき,ひこう,79,115,70,125,80,111,いたずらごころ,,*まけんき
642,,,,ボルトロス,れいじゅうフォルム,ボルトロス(れいじゅうフォルム),Thundurus,でんき,ひこう,79,105,70,145,80,101,ちくでん,,
643,,,,レシラム,,レシラム,Reshiram,ドラゴン,ほのお,100,120,100,150,120,90,ターボブレイズ,,
644,,,,ゼクロム,,ゼクロム,Zekrom,ドラゴン,でんき,100,150,120,120,100,90,テラボルテージ,,
645,,,,ランドロス,けしんフォルム,ランドロス(けしんフォルム),Landorus,じめん,ひこう,89,125,90,115,80,101,すなのちから,,*ちからずく
645,,,,ランドロス,れいじゅうフォルム,ランドロス(れいじゅうフォルム),Landorus,じめん,ひこう,89,145,90,105,80,91,いかく,,
646,,,,キュレム,通常,キュレム(通常),Kyurem,ドラゴン,こおり,125,130,90,130,90,95,プレッシャー,,
646,,,,キュレム,ホワイトキュレム,キュレム(ホワイトキュレム),Kyurem,ドラゴン,こおり,125,120,90,170,100,95,ターボブレイズ,,
646,,,,キュレム,ブラックキュレム,キュレム(ブラックキュレム),Kyurem,ドラゴン,こおり,125,170,100,120,90,95,テラボルテージ,,
647,,,,ケルディオ,いつものすがた,ケルディオ(いつものすがた),Keldeo,みず,かくとう,91,72,90,129,90,108,せいぎのこころ,,
647,,,,ケルディオ,かくごのすがた,ケルディオ(かくごのすがた),Keldeo,みず,かくとう,91,72,90,129,90,108,せいぎのこころ,,
648,,,,メロエッタ,ボイスフォルム,メロエッタ(ボイスフォルム),Meloetta,ノーマル,エスパー,100,77,77,128,128,90,てんのめぐみ,,
648,,,,メロエッタ,ステップフォルム,メロエッタ(ステップフォルム),Meloetta,ノーマル,かくとう,100,128,90,77,77,128,てんのめぐみ,,
649,,,,ゲノセクト,,ゲノセクト,Genesect,むし,はがね,71,120,95,120,95,99,ダウンロード,,
650,,,,ハリマロン,,ハリマロン,Chespin,くさ,,56,61,65,48,45,38,しんりょく,,*ぼうだん
651,,,,ハリボーグ,,ハリボーグ,Quilladin,くさ,,61,78,95,56,58,57,しんりょく,,*ぼうだん
652,,,,ブリガロン,,ブリガロン,Chesnaught,くさ,かくとう,88,107,122,74,75,64,しんりょく,,*ぼうだん
653,,,,フォッコ,,フォッコ,Fennekin,ほのお,,40,45,40,62,60,60,もうか,,*マジシャン
654,,,,テールナー,,テールナー,Braixen,ほのお,,59,59,58,90,70,73,もうか,,*マジシャン
655,,,,マフォクシー,,マフォクシー,Delphox,ほのお,エスパー,75,69,72,114,100,104,もうか,,*マジシャン
656,,,,ケロマツ,,ケロマツ,Froakie,みず,,41,56,40,62,44,71,げきりゅう,,*へんげんじざい
657,,,,ゲコガシラ,,ゲコガシラ,Frogadier,みず,,54,63,52,83,56,97,げきりゅう,,*へんげんじざい
658,,,,ゲッコウガ,通常,ゲッコウガ(通常),Greninja,みず,あく,72,95,67,103,71,122,げきりゅう,,*へんげんじざい
658,,,,ゲッコウガ,サトシゲッコウガ,ゲッコウガ(サトシゲッコウガ),Greninja,みず,あく,72,145,67,153,71,132,きずなへんげ,,
661,22,,,ヤヤコマ,,ヤヤコマ,Fletchling,ノーマル,ひこう,45,50,43,40,38,62,はとむね,,*はやてのつばさ
662,23,,,ヒノヤコマ,,ヒノヤコマ,Fletchinder,ほのお,ひこう,62,73,55,56,52,84,ほのおのからだ,,*はやてのつばさ
663,24,,,ファイアロー,,ファイアロー,Talonflame,ほのお,ひこう,78,81,71,74,69,126,ほのおのからだ,,*はやてのつばさ
664,,,,コフキムシ,,コフキムシ,Scatterbug,むし,,38,35,40,27,25,35,りんぷん,ふくがん,*フレンドガード
665,,,,コフーライ,,コフーライ,Spewpa,むし,,45,22,60,27,30,29,だっぴ,,*フレンドガード
666,,,,ビビヨン,,ビビヨン,Vivillon,むし,ひこう,80,52,50,90,50,89,りんぷん,ふくがん,*フレンドガード
667,370,,,シシコ,,シシコ,Litleo,ほのお,ノーマル,62,50,58,73,54,72,とうそうしん,きんちょうかん,*じしんかじょう
668,371,,,カエンジシ,,カエンジシ,Pyroar,ほのお,ノーマル,86,68,72,109,66,106,とうそうしん,きんちょうかん,*じしんかじょう
669,100,,,フラベベ,,フラベベ,Flabebe,フェアリー,,44,38,39,61,79,42,フラワーベール,,*きょうせい
670,101,,,フラエッテ,,フラエッテ,Floette,フェアリー,,54,45,47,75,98,52,フラワーベール,,*きょうせい
671,102,,,フラージェス,,フラージェス,Florges,フェアリー,,78,65,68,112,154,75,フラワーベール,,*きょうせい
672,,,,メェークル,,メェークル,Skiddo,くさ,,66,65,48,62,57,52,そうしょく,,*くさのけがわ
673,,,,ゴーゴート,,ゴーゴート,Gogoat,くさ,,123,100,62,97,81,68,そうしょく,,*くさのけがわ
676,30,,,トリミアン,,トリミアン,Furfrou,ノーマル,,75,80,60,65,90,102,ファーコート,,
690,194,,,クズモー,,クズモー,Skrelp,どく,みず,50,60,60,60,60,30,どくのトゲ,どくしゅ,*てきおうりょく
691,195,,,ドラミドロ,,ドラミドロ,Dragalge,どく,ドラゴン,65,75,90,97,123,44,どくのトゲ,どくしゅ,*てきおうりょく
692,196,,,ウデッポウ,,ウデッポウ,Clauncher,みず,,50,53,62,58,63,44,メガランチャー,,
693,197,,,ブロスター,,ブロスター,Clawitzer,みず,,71,73,88,120,89,59,メガランチャー,,
696,83,,,チゴラス,,チゴラス,Tyrunt,いわ,ドラゴン,58,89,77,45,45,48,がんじょうあご,,*がんじょう
697,84,,,ガチゴラス,,ガチゴラス,Tyrantrum,いわ,ドラゴン,82,121,119,69,59,71,がんじょうあご,,*いしあたま
698,85,,,アマルス,,アマルス,Amaura,いわ,こおり,77,59,50,67,63,46,フリーズスキン,,*ゆきふらし
699,86,,,アマルルガ,,アマルルガ,Aurorus,いわ,こおり,123,77,72,99,92,58,フリーズスキン,,*ゆきふらし
702,103,,,デデンネ,,デデンネ,Dedenne,でんき,フェアリー,67,58,57,81,67,101,ほおぶくろ,ものひろい,*プラス
703,128,,,メレシー,,メレシー,Carbink,いわ,フェアリー,50,50,150,50,150,50,クリアボディ,,*がんじょう
707,28,,,クレッフィ,,クレッフィ,Klefki,はがね,フェアリー,57,80,91,80,87,75,いたずらごころ,,*マジシャン
716,,,,ゼルネアス,,ゼルネアス,Xerneas,フェアリー,,126,131,95,131,98,99,フェアリーオーラ,,
717,,,,イベルタル,,イベルタル,Yveltal,あく,ひこう,126,131,95,131,98,99,ダークオーラ,,
718,,,,ジガルデ,50%フォルム,ジガルデ(50%フォルム),Zygarde,ドラゴン,じめん,108,100,121,81,95,95,オーラブレイク,,
718,,,,ジガルデ,10%フォルム,ジガルデ(10%フォルム),Zygarde,ドラゴン,じめん,54,100,71,61,85,115,オーラブレイク,,
718,,,,ジガルデ,パーフェクトフォルム,ジガルデ(パーフェクトフォルム),Zygarde,ドラゴン,じめん,216,100,121,91,95,85,スワームチェンジ,,
719,,,,ディアンシー,,ディアンシー,Diancie,いわ,フェアリー,50,100,150,100,150,50,クリアボディ,,
720,,,,フーパ,いましめられしフーパ,フーパ(いましめられしフーパ),Hoopa,エスパー,ゴースト,80,110,60,150,130,70,マジシャン,,
720,,,,フーパ,ときはなたれしフーパ,フーパ(ときはなたれしフーパ),Hoopa,エスパー,あく,80,160,60,170,130,80,マジシャン,,
721,,,,ボルケニオン,,ボルケニオン,Volcanion,ほのお,みず,80,110,120,130,90,70,ちょすい,,
722,,,,モクロー,,モクロー,Rowlet,くさ,ひこう,68,55,55,50,50,42,しんりょく,,*えんかく
723,,,,フクスロー,,フクスロー,Dartrix,くさ,ひこう,78,75,75,70,70,52,しんりょく,,*えんかく
724,,,,ジュナイパー,,ジュナイパー,Decidueye,くさ,ゴースト,78,107,75,100,100,70,しんりょく,,*えんかく
725,,,,ニャビー,,ニャビー,Litten,ほのお,,45,65,40,60,40,70,もうか,,*いかく
726,,,,ニャヒート,,ニャヒート,Torracat,ほのお,,65,85,50,80,50,90,もうか,,*いかく
727,,,,ガオガエン,,ガオガエン,Incineroar,ほのお,あく,95,115,90,80,90,60,もうか,,*いかく
728,,,,アシマリ,,アシマリ,Popplio,みず,,50,54,54,66,56,40,げきりゅう,,*うるおいボイス
729,,,,オシャマリ,,オシャマリ,Brionne,みず,,60,69,69,91,81,50,げきりゅう,,*うるおいボイス
730,,,,アシレーヌ,,アシレーヌ,Primarina,みず,フェアリー,80,74,74,126,116,60,げきりゅう,,*うるおいボイス
731,10,10,,ツツケラ,,ツツケラ,Pikipek,ノーマル,ひこう,35,75,30,30,30,65,するどいめ,スキルリンク,*ものひろい
732,11,11,,ケララッパ,,ケララッパ,Trumbeak,ノーマル,ひこう,55,85,50,40,50,75,するどいめ,スキルリンク,*ものひろい
733,12,12,,ドデカバシ,,ドデカバシ,Toucannon,ノーマル,ひこう,80,120,75,75,75,60,するどいめ,スキルリンク,*ちからずく
734,13,13,,ヤングース,,ヤングース,Yungoos,ノーマル,,48,70,30,30,30,45,はりこみ,がんじょうあご,*てきおうりょく
735,14,14,,デカグース,,デカグース,Gumshoos,ノーマル,,88,110,60,55,60,45,はりこみ,がんじょうあご,*てきおうりょく
739,71,59,,マケンカニ,,マケンカニ,Crabrawler,かくとう,,47,82,57,42,47,63,かいりきバサミ,てつのこぶし,*いかりのつぼ
740,72,60,,ケケンカニ,,ケケンカニ,Crabominable,かくとう,こおり,97,132,77,62,67,43,かいりきバサミ,てつのこぶし,*いかりのつぼ
741,97,82,,オドリドリ,めらめら,オドリドリ(めらめら),Oricorio,ほのお,ひこう,75,70,70,98,70,93,おどりこ,,
741,97,82,,オドリドリ,ぱちぱち,オドリドリ(ぱちぱち),Oricorio,でんき,ひこう,75,70,70,98,70,93,おどりこ,,
741,97,82,,オドリドリ,ふらふら,オドリドリ(ふらふら),Oricorio,エスパー,ひこう,75,70,70,98,70,93,おどりこ,,
741,97,82,,オドリドリ,まいまい,オドリドリ(まいまい),Oricorio,ゴースト,ひこう,75,70,70,98,70,93,おどりこ,,
744,157,,,イワンコ,,イワンコ,Rockruff,いわ,,45,65,40,30,40,60,するどいめ,やるき,*ふくつのこころ
745,158,,,ルガルガン,まひるのすがた,ルガルガン(まひるのすがた),Lycanroc,いわ,,75,115,65,55,65,112,するどいめ,すなかき,*ふくつのこころ
745,158,,,ルガルガン,まよなかのすがた,ルガルガン(まよなかのすがた),Lycanroc,いわ,,85,115,75,55,75,82,するどいめ,やるき,*ノーガード
745,158,,,ルガルガン,たそがれのすがた,ルガルガン(たそがれのすがた),Lycanroc,いわ,,75,117,65,55,65,110,かたいツメ,,
753,17,,,カリキリ,,カリキリ,Fomantis,くさ,,40,55,35,50,35,35,リーフガード,,*あまのじゃく
754,18,,,ラランテス,,ラランテス,Lurantis,くさ,,70,105,90,80,90,45,リーフガード,,*あまのじゃく
764,79,,,キュワワー,,キュワワー,Comfey,フェアリー,,51,52,90,82,110,100,フラワーベール,ヒーリングシフト,*しぜんかいふく
769,133,,,スナバァ,,スナバァ,Sandygast,ゴースト,じめん,55,55,80,70,45,15,みずがため,,*すながくれ
770,134,,,シロデスナ,,シロデスナ,Palossand,ゴースト,じめん,85,75,110,100,75,35,みずがため,,*すながくれ
774,277,213,,メテノ,りゅうせいのすがた,メテノ(りゅうせいのすがた),Minior,いわ,ひこう,60,60,100,60,100,60,リミットシールド,,
774,277,213,,メテノ,コア,メテノ(コア),Minior,いわ,ひこう,60,100,60,100,60,120,リミットシールド,,
775,286,222,,ネッコアラ,,ネッコアラ,Komala,ノーマル,,65,115,65,75,95,65,ぜったいねむり,,
779,320,243,,ハギギシリ,,ハギギシリ,Bruxish,みず,エスパー,68,105,70,70,70,92,ビビッドボディ,がんじょうあご,*ミラクルスキン
785,,,,カプ・コケコ,,カプ・コケコ,Tapu Koko,でんき,フェアリー,70,115,85,95,75,130,エレキメイカー,,*テレパシー
786,,,,カプ・テテフ,,カプ・テテフ,Tapu Lele,エスパー,フェアリー,70,85,75,130,115,95,サイコメイカー,,*テレパシー
787,,,,カプ・ブルル,,カプ・ブルル,Tapu Bulu,くさ,フェアリー,70,130,115,85,95,75,グラスメイカー,,*テレパシー
788,,,,カプ・レヒレ,,カプ・レヒレ,Tapu Fini,みず,フェアリー,70,75,115,95,130,85,ミストメイカー,,*テレパシー
789,,,,コスモッグ,,コスモッグ,Cosmog,エスパー,,43,29,31,29,31,37,てんねん,,
790,,,,コスモウム,,コスモウム,Cosmoem,エスパー,,43,29,131,29,131,37,がんじょう,,
791,,,,ソルガレオ,,ソルガレオ,Solgaleo,エスパー,はがね,137,137,107,113,89,97,メタルプロテクト,,
792,,,,ルナアーラ,,ルナアーラ,Lunala,エスパー,ゴースト,137,113,89,137,107,97,ファントムガード,,
793,,,,ウツロイド,,ウツロイド,Nihilego,いわ,どく,109,53,47,127,131,103,ビーストブースト,,
794,,,,マッシブーン,,マッシブーン,Buzzwole,むし,かくとう,107,139,139,53,53,79,ビーストブースト,,
795,,,,フェローチェ,,フェローチェ,Pheromosa,むし,かくとう,71,137,37,137,37,151,ビーストブースト,,
796,,,,デンジュモク,,デンジュモク,Xurkitree,でんき,,83,89,71,173,71,83,ビーストブースト,,
797,,,,テッカグヤ,,テッカグヤ,Celesteela,はがね,ひこう,97,101,103,107,101,61,ビーストブースト,,
798,,,,カミツルギ,,カミツルギ,Kartana,くさ,はがね,59,181,131,59,31,109,ビーストブースト,,
799,,,,アクジキング,,アクジキング,Guzzlord,あく,ドラゴン,223,101,53,97,53,43,ビーストブースト,,
800,,,,ネクロズマ,通常,ネクロズマ(通常),Necrozma,エスパー,,97,107,101,127,89,79,プリズムアーマー,,
800,,,,ネクロズマ,たそがれのたてがみ(日食),ネクロズマ(たそがれのたてがみ(日食)),Necrozma,エスパー,はがね,97,157,127,113,109,77,プリズムアーマー,,
800,,,,ネクロズマ,あかつきのつばさ(月食),ネクロズマ(あかつきのつばさ(月食)),Necrozma,エスパー,ゴースト,97,113,109,157,127,77,プリズムアーマー,,
800,400,,,ネクロズマ,ウルトラネクロズマ,ネクロズマ(ウルトラネクロズマ),Necrozma,エスパー,ドラゴン,97,167,97,167,97,129,ブレインフォース,,
801,,,,マギアナ,,マギアナ,Magearna,はがね,フェアリー,80,95,115,130,115,65,ソウルハート,,
802,,,,マーシャドー,,マーシャドー,Marshadow,かくとう,ゴースト,90,125,80,90,90,125,テクニシャン,,
803,,,,ベベノム,,ベベノム,Poipole,どく,,67,73,67,73,67,73,ビーストブースト,,
804,,,,アーゴヨン,,アーゴヨン,Naganadel,どく,ドラゴン,73,73,73,127,73,121,ビーストブースト,,
805,,,,ツンデツンデ,,ツンデツンデ,Stakataka,いわ,はがね,61,131,211,53,101,13,ビーストブースト,,
806,,,,ズガドーン,,ズガドーン,Blacephalon,ほのお,ゴースト,53,127,53,151,79,107,ビーストブースト,,
807,,,,ゼラオラ,,ゼラオラ,Zeraora,でんき,,88,112,75,102,80,143,ちくでん,,
808,,,,メルタン,,メルタン,Meltan,はがね,,46,65,65,55,35,34,じりょく,,
809,,,,メルメタル,,メルメタル,Melmetal,はがね,,135,143,143,80,65,34,てつのこぶし,,
891,100,,,ダクマ,,ダクマ,Kubfu,かくとう,,60,90,60,53,50,72,せいしんりょく,,
892,101,,,ウーラオス,いちげきのかた,ウーラオス(いちげきのかた),Urshifu,かくとう,あく,100,130,100,63,60,97,ふかしのこぶし,,
892,101,,,ウーラオス,れんげきのかた,ウーラオス(れんげきのかた),Urshifu,かくとう,みず,100,130,100,63,60,97,ふかしのこぶし,,
893,211,,,ザルード,,ザルード,Zarude,あく,くさ,105,120,105,70,95,105,リーフガード,,
894,200,,,レジエレキ,,レジエレキ,Regieleki,でんき,,80,100,50,100,50,200,トランジスタ,,
895,201,,,レジドラゴ,,レジドラゴ,Regidrago,ドラゴン,,200,100,50,100,50,80,りゅうのあぎと,,
896,208,,,ブリザポス,,ブリザポス,Glastrier,こおり,,100,145,130,65,110,30,しろのいななき,,
897,209,,,レイスポス,,レイスポス,Spectrier,ゴースト,,100,65,60,145,80,130,くろのいななき,,
898,210,,,バドレックス,通常,バドレックス(通常),Calyrex,エスパー,くさ,100,80,80,80,80,80,きんちょうかん,,
898,210,,,バドレックス,はくばじょうのすがた,バドレックス(はくばじょうのすがた),Calyrex,エスパー,こおり,100,165,150,85,130,50,じんばいったい,,
898,210,,,バドレックス,こくばじょうのすがた,バドレックス(こくばじょうのすがた),Calyrex,エスパー,ゴースト,100,85,80,165,100,150,じんばいったい,,